as_of,rank,code,name,market,ticker,date,volume,previous_day_close,previous_day_trading_value,median_20d_trading_value,mean_20d_trading_value,liquidity_observations
2026-10-06,1,285A,キオクシアホールディングス,プライム（内国株式）,285A.T,2026-10-06,33122300,18735.0,620546290500,1413743966752,1310601077070,20
2026-10-06,2,9984,ソフトバンクグループ,プライム（内国株式）,9984.T,2026-10-06,39298800,6295.0,247385946000,418221210300,460014201200,20
2026-10-06,3,6857,アドバンテスト,プライム（内国株式）,6857.T,2026-10-06,16372800,41850.0,685201680000,333209656000,387485031650,20
2026-10-06,4,6976,太陽誘電,プライム（内国株式）,6976.T,2026-10-06,23799100,11135.0,265002978500,266426821850,268035749225,20
2026-10-06,5,8035,東京エレクトロン,プライム（内国株式）,8035.T,2026-10-06,11752600,12805.0,150492043000,181450441250,176621844300,20
2026-10-06,6,5803,フジクラ,プライム（内国株式）,5803.T,2026-10-06,42929100,5855.0,251349880500,174954041850,182343805755,20
2026-10-06,7,4062,イビデン,プライム（内国株式）,4062.T,2026-10-06,10134700,12400.0,125670280000,165149688000,171380917500,20
2026-10-06,8,6981,村田製作所,プライム（内国株式）,6981.T,2026-10-06,22658400,8829.0,200051013600,157981117700,166344663400,20
2026-10-06,9,8306,三菱ＵＦＪフィナンシャル・グループ,プライム（内国株式）,8306.T,2026-10-06,35290200,3671.0,129550324200,145342071750,153626005820,20
2026-10-06,10,6920,レーザーテック,プライム（内国株式）,6920.T,2026-10-06,3634600,46550.0,169190630000,141106808000,157869555150,20
2026-10-06,11,8316,三井住友フィナンシャルグループ,プライム（内国株式）,8316.T,2026-10-06,17888600,3429.0,61340009400,84065397550,86339868405,20
2026-10-06,12,5801,古河電気工業,プライム（内国株式）,5801.T,2026-10-06,23718700,4490.0,106496963000,83744452200,89595607240,20
2026-10-06,13,9983,ファーストリテイリング,プライム（内国株式）,9983.T,2026-10-06,1200900,75590.0,90776031000,79098052500,78287025200,20
2026-10-06,14,6146,ディスコ,プライム（内国株式）,6146.T,2026-10-06,1796000,65500.0,117638000000,76114014500,84727598400,20
2026-10-06,15,8411,みずほフィナンシャルグループ,プライム（内国株式）,8411.T,2026-10-06,8714200,8857.0,77181669400,75224836500,79712713035,20
2026-10-06,16,7203,トヨタ自動車,プライム（内国株式）,7203.T,2026-10-06,19613500,2930.5,57477361750,71622398300,75788659008,20
2026-10-06,17,6098,リクルートホールディングス,プライム（内国株式）,6098.T,2026-10-06,3364700,16975.0,57115782500,70778286750,71976231875,20
2026-10-06,18,6525,ＫＯＫＵＳＡＩ　ＥＬＥＣＴＲＩＣ,プライム（内国株式）,6525.T,2026-10-06,4111100,10330.0,42467663000,68835116700,79553085565,20
2026-10-06,19,5016,ＪＸ金属,プライム（内国株式）,5016.T,2026-10-06,19709300,3826.0,75407781800,63886567600,67406829270,20
2026-10-06,20,7011,三菱重工業,プライム（内国株式）,7011.T,2026-10-06,17052800,3787.0,64578953600,55730238700,60655593375,20
2026-10-06,21,7974,任天堂,プライム（内国株式）,7974.T,2026-10-06,5961300,7815.0,46587559500,54468828300,61848320165,20
2026-10-06,22,6758,ソニーグループ,プライム（内国株式）,6758.T,2026-10-06,10411000,3768.0,39228648000,53599792400,51595533855,20
2026-10-06,23,6501,日立製作所,プライム（内国株式）,6501.T,2026-10-06,9484200,5660.0,53680572000,52216345050,54454850525,20
2026-10-06,24,8766,東京海上ホールディングス,プライム（内国株式）,8766.T,2026-10-06,120847500,522.2999877929688,63118647775,49784318468,52308753824,20
2026-10-06,25,6861,キーエンス,プライム（内国株式）,6861.T,2026-10-06,368100,81490.0,29996469000,41641411000,44304579550,20
2026-10-06,26,8001,伊藤忠商事,プライム（内国株式）,8001.T,2026-10-06,10533500,2183.0,22994630500,40955209125,42516564580,20
2026-10-06,27,4063,信越化学工業,プライム（内国株式）,4063.T,2026-10-06,6865100,6321.0,43394297100,40732176200,40106544915,20
2026-10-06,28,5802,住友電気工業,プライム（内国株式）,5802.T,2026-10-06,20060300,2535.5,50862890650,39074926675,41861687342,20
2026-10-06,29,5706,三井金属,プライム（内国株式）,5706.T,2026-10-06,23668600,2750.5,65100484300,39032839500,38482899805,20
2026-10-06,30,8058,三菱商事,プライム（内国株式）,8058.T,2026-10-06,5075800,4713.0,23922245400,36948097300,38935484125,20
2026-10-06,31,6752,パナソニック　ホールディングス,プライム（内国株式）,6752.T,2026-10-06,6164600,4769.0,29398977400,34360647800,36104702370,20
2026-10-06,32,9432,ＮＴＴ,プライム（内国株式）,9432.T,2026-10-06,124008700,170.10000610351562,21093880627,33796821136,33500660238,20
2026-10-06,33,3436,ＳＵＭＣＯ,プライム（内国株式）,3436.T,2026-10-06,7913400,3724.0,29469501600,32564779700,33565901505,20
2026-10-06,34,6723,ルネサスエレクトロニクス,プライム（内国株式）,6723.T,2026-10-06,15703100,3995.0,62733884500,32509474000,37478296795,20
2026-10-06,35,6503,三菱電機,プライム（内国株式）,6503.T,2026-10-06,4900200,5327.0,26103365400,31508567850,30643845730,20
2026-10-06,36,7013,ＩＨＩ,プライム（内国株式）,7013.T,2026-10-06,11071600,2715.0,30059394000,30733280000,31604807725,20
2026-10-06,37,8031,三井物産,プライム（内国株式）,8031.T,2026-10-06,4001500,4962.0,19855443000,30340358300,31864453545,20
2026-10-06,38,4004,レゾナック・ホールディングス,プライム（内国株式）,4004.T,2026-10-06,3487500,17940.0,62565750000,29951708500,36078418521,20
2026-10-06,39,6762,ＴＤＫ,プライム（内国株式）,6762.T,2026-10-06,32379800,3628.0,117473914400,29634910350,36638484762,20
2026-10-06,40,7741,ＨＯＹＡ,プライム（内国株式）,7741.T,2026-10-06,1309000,25300.0,33117700000,29518985000,29410567025,20
2026-10-06,41,278A,Ｔｅｒｒａ　Ｄｒｏｎｅ,グロース（内国株式）,278A.T,2026-10-06,1403000,8550.0,11995650000,26415100000,38428160150,20
2026-10-06,42,2914,日本たばこ産業,プライム（内国株式）,2914.T,2026-10-06,3119900,6936.0,21639626400,26071265700,26406903050,20
2026-10-06,43,6702,富士通,プライム（内国株式）,6702.T,2026-10-06,5785900,4053.0,23450252700,25802794250,26929695075,20
2026-10-06,44,6954,ファナック,プライム（内国株式）,6954.T,2026-10-06,3180100,6220.0,19780222000,25719847150,26267961660,20
2026-10-06,45,8002,丸紅,プライム（内国株式）,8002.T,2026-10-06,3035200,4818.0,14623593600,25017792750,25449051560,20
2026-10-06,46,7735,ＳＣＲＥＥＮホールディングス,プライム（内国株式）,7735.T,2026-10-06,1813000,16230.0,29424990000,24984400000,27040947650,20
2026-10-06,47,4502,武田薬品工業,プライム（内国株式）,4502.T,2026-10-06,3536400,5719.0,20224671600,24835235400,25314218645,20
2026-10-06,48,9433,ＫＤＤＩ,プライム（内国株式）,9433.T,2026-10-06,7151100,2883.0,20616621300,24477728850,26167798460,20
2026-10-06,49,6701,日本電気,プライム（内国株式）,6701.T,2026-10-06,4413800,4927.0,21746792600,24265948700,25507761495,20
2026-10-06,50,7012,川崎重工業,プライム（内国株式）,7012.T,2026-10-06,11235600,2369.0,26617136400,23882356575,23846343998,20
2026-10-06,51,8725,ＭＳ＆ＡＤインシュアランスグループホールディングス,プライム（内国株式）,8725.T,2026-10-06,3749800,4883.0,18310273400,23668321250,24635291565,20
2026-10-06,52,8308,りそなホールディングス,プライム（内国株式）,8308.T,2026-10-06,10739400,2610.0,28029834000,23534605600,23778310162,20
2026-10-06,53,7267,本田技研工業,プライム（内国株式）,7267.T,2026-10-06,12361400,1687.5,20859862500,23241438275,23324291338,20
2026-10-06,54,6594,ニデック,プライム（内国株式）,6594.T,2026-10-06,11300700,2165.0,24466015500,23018120550,29057334490,20
2026-10-06,55,5713,住友金属鉱山,プライム（内国株式）,5713.T,2026-10-06,2392600,9815.0,23483369000,22861528200,23797607280,20
2026-10-06,56,6367,ダイキン工業,プライム（内国株式）,6367.T,2026-10-06,1376200,20885.0,28741937000,22816933750,24117049300,20
2026-10-06,57,8591,オリックス,プライム（内国株式）,8591.T,2026-10-06,2400400,5870.0,14090348000,21211757100,20894495195,20
2026-10-06,58,5401,日本製鉄,プライム（内国株式）,5401.T,2026-10-06,25926900,650.5,16865448450,21158916100,21495022249,20
2026-10-06,59,6301,小松製作所,プライム（内国株式）,6301.T,2026-10-06,2562700,7777.0,19930117900,20973796400,23822038625,20
2026-10-06,60,6273,ＳＭＣ,プライム（内国株式）,6273.T,2026-10-06,184900,76000.0,14052400000,20590512000,19944880650,20
2026-10-06,61,7936,アシックス,プライム（内国株式）,7936.T,2026-10-06,6698600,4439.0,29735085400,20401507600,22576937780,20
2026-10-06,62,1605,ＩＮＰＥＸ,プライム（内国株式）,1605.T,2026-10-06,4560200,3698.0,16863619600,20040683050,20937763795,20
2026-10-06,63,6330,東洋エンジニアリング,プライム（内国株式）,6330.T,2026-10-06,3140700,2609.0,8194086300,19761081650,18414634865,20
2026-10-06,64,4519,中外製薬,プライム（内国株式）,4519.T,2026-10-06,2432600,6120.0,14887512000,19741045900,21522621470,20
2026-10-06,65,593A,ティアフォー,グロース（内国株式）,593A.T,2026-10-06,13094400,2097.0,27458956800,19604552300,42415444515,20
2026-10-06,66,9434,ソフトバンク,プライム（内国株式）,9434.T,2026-10-06,66471900,239.60000610351562,15926667646,18951404646,19921320963,20
2026-10-06,67,9501,東京電力ホールディングス,プライム（内国株式）,9501.T,2026-10-06,29891300,518.7999877929688,15507606075,18761858090,19182405598,20
2026-10-06,68,9101,日本郵船,プライム（内国株式）,9101.T,2026-10-06,2127700,7135.0,15181139500,18749180900,18898696235,20
2026-10-06,69,9104,商船三井,プライム（内国株式）,9104.T,2026-10-06,1691700,7146.0,12088888200,18391261050,19490497360,20
2026-10-06,70,8053,住友商事,プライム（内国株式）,8053.T,2026-10-06,6914800,1741.0,12038666800,18297985925,18676846760,20
2026-10-06,71,8136,サンリオ,プライム（内国株式）,8136.T,2026-10-06,15262000,1202.5,18352555000,17947645200,17750892185,20
2026-10-06,72,8750,第一ライフグループ,プライム（内国株式）,8750.T,2026-10-06,8444300,1843.0,15562844900,17316876125,18072395358,20
2026-10-06,73,6971,京セラ,プライム（内国株式）,6971.T,2026-10-06,3697700,3864.0,14287912800,17099676500,17859577185,20
2026-10-06,74,7182,ゆうちょ銀行,プライム（内国株式）,7182.T,2026-10-06,4958100,3464.0,17174858400,17056622000,20370570880,20
2026-10-06,75,8630,ＳＯＭＰＯホールディングス,プライム（内国株式）,8630.T,2026-10-06,1883400,6652.0,12528376800,16190053150,16224089455,20
2026-10-06,76,4568,第一三共,プライム（内国株式）,4568.T,2026-10-06,3925600,2752.0,10803251200,15935704600,16923138822,20
2026-10-06,77,5108,ブリヂストン,プライム（内国株式）,5108.T,2026-10-06,2576000,3820.0,9840320000,15709652650,15901246370,20
2026-10-06,78,6871,日本マイクロニクス,プライム（内国株式）,6871.T,2026-10-06,853500,15410.0,13152435000,15568042000,15481333500,20
2026-10-06,79,8309,三井住友トラストグループ,プライム（内国株式）,8309.T,2026-10-06,8076400,1796.5,14509252600,15445517850,15947843822,20
2026-10-06,80,8015,豊田通商,プライム（内国株式）,8015.T,2026-10-06,1402300,7472.0,10477985600,15380765550,16497476730,20
2026-10-06,81,2802,味の素,プライム（内国株式）,2802.T,2026-10-06,2481200,5372.0,13329006400,15221228750,15760309285,20
2026-10-06,82,8604,野村ホールディングス,プライム（内国株式）,8604.T,2026-10-06,7552600,1537.0,11608346200,15137586925,15535387042,20
2026-10-06,83,4661,オリエンタルランド,プライム（内国株式）,4661.T,2026-10-06,3141300,2840.0,8921292000,14833760400,15755097202,20
2026-10-06,84,3382,セブン＆アイ・ホールディングス,プライム（内国株式）,3382.T,2026-10-06,7151600,1974.5,14120834200,14829373050,15474994555,20
2026-10-06,85,485A,パワーエックス,グロース（内国株式）,485A.T,2026-10-06,3767600,2171.0,8179459600,14717153700,21098818405,20
2026-10-06,86,4578,大塚ホールディングス,プライム（内国株式）,4578.T,2026-10-06,867300,11455.0,9934921500,14583548750,15303334750,20
2026-10-06,87,6787,メイコー,プライム（内国株式）,6787.T,2026-10-06,1303900,27300.0,35596470000,14389607000,14766486200,20
2026-10-06,88,6963,ローム,プライム（内国株式）,6963.T,2026-10-06,2615900,5347.0,13987217300,14324861300,15012497725,20
2026-10-06,89,6902,デンソー,プライム（内国株式）,6902.T,2026-10-06,5815400,1853.0,10775936200,14124808575,13921567072,20
2026-10-06,90,7751,キヤノン,プライム（内国株式）,7751.T,2026-10-06,2532300,4643.0,11757468900,14053023000,13538304665,20
2026-10-06,91,8267,イオン,プライム（内国株式）,8267.T,2026-10-06,7241900,1226.0,8878569400,13863883900,15050265382,20
2026-10-06,92,6506,安川電機,プライム（内国株式）,6506.T,2026-10-06,3973300,4936.0,19612208800,13845505650,15064109765,20
2026-10-06,93,5020,ＥＮＥＯＳホールディングス,プライム（内国株式）,5020.T,2026-10-06,7470200,1380.0,10308876000,13641010575,14448957988,20
2026-10-06,94,8801,三井不動産,プライム（内国株式）,8801.T,2026-10-06,7717100,1420.5,10962140550,13578745950,14326300738,20
2026-10-06,95,3110,日東紡績,プライム（内国株式）,3110.T,2026-10-06,9951100,3640.0,36222004000,13542032000,14717705580,20
2026-10-06,96,7832,バンダイナムコホールディングス,プライム（内国株式）,7832.T,2026-10-06,1471700,5714.0,8409293800,13378830500,14192347100,20
2026-10-06,97,7532,パン・パシフィック・インターナショナルホールディングス,プライム（内国株式）,7532.T,2026-10-06,17216300,687.4000244140625,11834485040,13177358694,12992667530,20
2026-10-06,98,4901,富士フイルムホールディングス,プライム（内国株式）,4901.T,2026-10-06,3631100,3424.0,12432886400,13114612750,12935065075,20
2026-10-06,99,9107,川崎汽船,プライム（内国株式）,9107.T,2026-10-06,2014200,3263.0,6572334600,13037032150,13077074600,20
2026-10-06,100,6361,荏原製作所,プライム（内国株式）,6361.T,2026-10-06,2171800,4860.0,10554948000,12986857950,13355943690,20
2026-10-06,101,3563,ＦＯＯＤ　＆　ＬＩＦＥ　ＣＯＭＰＡＮＩＥＳ,プライム（内国株式）,3563.T,2026-10-06,2179300,5468.0,11916412400,12726048500,15030382705,20
2026-10-06,102,7269,スズキ,プライム（内国株式）,7269.T,2026-10-06,5208700,1981.5,10321039050,12673282800,13248391370,20
2026-10-06,103,4503,アステラス製薬,プライム（内国株式）,4503.T,2026-10-06,5031100,2243.5,11287272850,12657494700,13151509230,20
2026-10-06,104,4543,テルモ,プライム（内国株式）,4543.T,2026-10-06,5402400,2333.5,12606500400,12598859700,11836211470,20
2026-10-06,105,4755,楽天グループ,プライム（内国株式）,4755.T,2026-10-06,23985300,667.2999877929688,16005390397,12579672360,12930354796,20
2026-10-06,106,9503,関西電力,プライム（内国株式）,9503.T,2026-10-06,4750600,2602.0,12361061200,12485489750,12336724335,20
2026-10-06,107,8802,三菱地所,プライム（内国株式）,8802.T,2026-10-06,3182100,3476.0,11060979600,12233161400,12481761660,20
2026-10-06,108,6326,クボタ,プライム（内国株式）,6326.T,2026-10-06,2988800,2721.0,8132524800,12121004275,12111031478,20
2026-10-06,109,9697,カプコン,プライム（内国株式）,9697.T,2026-10-06,2113100,4435.0,9371598500,11836260500,16463003750,20
2026-10-06,110,4588,オンコリスバイオファーマ,グロース（内国株式）,4588.T,2026-10-06,2690100,6830.0,18373383000,11631023000,12201547450,20
2026-10-06,111,9843,ニトリホールディングス,プライム（内国株式）,9843.T,2026-10-06,2868400,3130.0,8978092000,11271927300,12937397692,20
2026-10-06,112,7453,良品計画,プライム（内国株式）,7453.T,2026-10-06,3033400,4360.0,13225624000,11268724500,11157287895,20
2026-10-06,113,6526,ソシオネクスト,プライム（内国株式）,6526.T,2026-10-06,3259000,2260.0,7365340000,11222334325,13043693765,20
2026-10-06,114,7201,日産自動車,プライム（内国株式）,7201.T,2026-10-06,42766700,286.8999938964844,12269765969,11160447389,12174132626,20
2026-10-06,115,6178,日本郵政,プライム（内国株式）,6178.T,2026-10-06,4496500,2503.5,11256987750,11129394200,12343808212,20
2026-10-06,116,8473,ＳＢＩホールディングス,プライム（内国株式）,8473.T,2026-10-06,2411300,3133.0,7554602900,10960297800,11633528655,20
2026-10-06,117,6988,日東電工,プライム（内国株式）,6988.T,2026-10-06,2667700,3611.0,9633064700,10395801000,10541264665,20
2026-10-06,118,9766,コナミグループ,プライム（内国株式）,9766.T,2026-10-06,493800,22140.0,10932732000,10328745000,11604171700,20
2026-10-06,119,4307,野村総合研究所,プライム（内国株式）,4307.T,2026-10-06,2104100,5090.0,10709869000,10195485150,10892879280,20
2026-10-06,120,9502,中部電力,プライム（内国株式）,9502.T,2026-10-06,3168500,2628.0,8326818000,10005591300,9853231632,20
2026-10-06,121,6203,豊和工業,スタンダード（内国株式）,6203.T,2026-10-06,1222600,2506.0,3063835600,9888979000,19202371600,20
2026-10-06,122,581A,ＧＯ,グロース（内国株式）,581A.T,2026-10-06,1831100,3700.0,6775070000,9869141000,11207373675,20
2026-10-06,123,3659,ネクソン,プライム（内国株式）,3659.T,2026-10-06,4197200,2609.0,10950494800,9795680300,11253842818,20
2026-10-06,124,8601,大和証券グループ本社,プライム（内国株式）,8601.T,2026-10-06,4474200,1772.5,7930519500,9588999100,10319532792,20
2026-10-06,125,4689,ＬＩＮＥヤフー,プライム（内国株式）,4689.T,2026-10-06,21239900,491.1000061035156,10430915020,9540049633,10005987078,20
2026-10-06,126,9020,東日本旅客鉄道,プライム（内国株式）,9020.T,2026-10-06,2158300,3295.0,7111598500,9424578450,9865895640,20
2026-10-06,127,1925,大和ハウス工業,プライム（内国株式）,1925.T,2026-10-06,3562400,2152.5,7668066000,9347323600,9391884378,20
2026-10-06,128,6383,ダイフク,プライム（内国株式）,6383.T,2026-10-06,1448400,5899.0,8544111600,9326579600,9399141310,20
2026-10-06,129,7272,ヤマハ発動機,プライム（内国株式）,7272.T,2026-10-06,3375800,1790.0,6042682000,9318046700,9625789572,20
2026-10-06,130,7270,ＳＵＢＡＲＵ,プライム（内国株式）,7270.T,2026-10-06,1943700,2532.5,4922420250,9276731750,9390753585,20
2026-10-06,131,5334,日本特殊陶業,プライム（内国株式）,5334.T,2026-10-06,2375900,3980.0,9456082000,9275121000,9444408475,20
2026-10-06,132,6479,ミネベアミツミ,プライム（内国株式）,6479.T,2026-10-06,3854900,3915.0,15091933500,9159542500,9748361675,20
2026-10-06,133,4452,花王,プライム（内国株式）,4452.T,2026-10-06,1917800,3484.0,6681615200,9158378150,9314382745,20
2026-10-06,134,4911,資生堂,プライム（内国株式）,4911.T,2026-10-06,2846200,3219.0,9161917800,9118885150,8597693540,20
2026-10-06,135,1803,清水建設,プライム（内国株式）,1803.T,2026-10-06,3654900,2085.5,7622293950,9111249300,10562128360,20
2026-10-06,136,8830,住友不動産,プライム（内国株式）,8830.T,2026-10-06,2825000,3063.0,8652975000,9108660350,9535507305,20
2026-10-06,137,6890,フェローテック,スタンダード（内国株式）,6890.T,2026-10-06,853500,12130.0,10352955000,9071521000,9973250050,20
2026-10-06,138,1812,鹿島建設,プライム（内国株式）,1812.T,2026-10-06,1793300,4793.0,8595286900,9041786300,10992816205,20
2026-10-06,139,2502,アサヒグループホールディングス,プライム（内国株式）,2502.T,2026-10-06,4037200,1592.5,6429241000,9013127875,9131916405,20
2026-10-06,140,1801,大成建設,プライム（内国株式）,1801.T,2026-10-06,629600,11930.0,7511128000,9012953250,9898259325,20
2026-10-06,141,8729,ソニーフィナンシャルグループ,プライム（内国株式）,8729.T,2026-10-06,42566900,149.3000030517578,6355238300,8706860345,9038849544,20
2026-10-06,142,4507,塩野義製薬,プライム（内国株式）,4507.T,2026-10-06,4590400,2763.0,12683275200,8623964750,8975772715,20
2026-10-06,143,9735,セコム,プライム（内国株式）,9735.T,2026-10-06,1266000,6272.0,7940352000,8604341200,8736991640,20
2026-10-06,144,5411,ＪＦＥホールディングス,プライム（内国株式）,5411.T,2026-10-06,3948300,1722.5,6800946750,8591256250,9292016828,20
2026-10-06,145,6504,富士電機,プライム（内国株式）,6504.T,2026-10-06,534600,15395.0,8230167000,8586066500,9104423975,20
2026-10-06,146,2503,キリンホールディングス,プライム（内国株式）,2503.T,2026-10-06,2989500,2812.0,8406474000,8372638600,8602960680,20
2026-10-06,147,5019,出光興産,プライム（内国株式）,5019.T,2026-10-06,5485200,1531.5,8400583800,8334291900,9077121442,20
2026-10-06,148,4684,オービック,プライム（内国株式）,4684.T,2026-10-06,1598700,5098.0,8150172600,8291545500,8211328120,20
2026-10-06,149,8331,千葉銀行,プライム（内国株式）,8331.T,2026-10-06,2764400,2890.0,7989116000,8098776700,8159245088,20
2026-10-06,150,3103,ユニチカ,スタンダード（内国株式）,3103.T,2026-10-06,4715300,1472.0,6940921600,7999077200,8144394485,20
2026-10-06,151,9022,東海旅客鉄道,プライム（内国株式）,9022.T,2026-10-06,1951400,3585.0,6995769000,7942674550,8213626070,20
2026-10-06,152,6532,ベイカレント,プライム（内国株式）,6532.T,2026-10-06,708500,8180.0,5795530000,7912056000,8542748335,20
2026-10-06,153,7733,オリンパス,プライム（内国株式）,7733.T,2026-10-06,4256800,2010.0,8556168000,7903192900,8000274415,20
2026-10-06,154,5711,三菱マテリアル,プライム（内国株式）,5711.T,2026-10-06,1047700,5100.0,5343270000,7709027050,8519803080,20
2026-10-06,155,1928,積水ハウス,プライム（内国株式）,1928.T,2026-10-06,1916600,3320.0,6363112000,7695589850,8465396165,20
2026-10-06,156,7186,横浜フィナンシャルグループ,プライム（内国株式）,7186.T,2026-10-06,2461500,1940.0,4775310000,7424836875,8128132078,20
2026-10-06,157,1802,大林組,プライム（内国株式）,1802.T,2026-10-06,1758100,2935.0,5160023500,7353067150,7788847192,20
2026-10-06,158,6645,オムロン,プライム（内国株式）,6645.T,2026-10-06,1014800,6488.0,6584022400,7309876750,7392205960,20
2026-10-06,159,4704,トレンドマイクロ,プライム（内国株式）,4704.T,2026-10-06,1626000,6928.0,11264928000,7288446100,7749460255,20
2026-10-06,160,8697,日本取引所グループ,プライム（内国株式）,8697.T,2026-10-06,2611700,2309.0,6030415300,7244126175,7781373692,20
2026-10-06,161,7261,マツダ,プライム（内国株式）,7261.T,2026-10-06,4479900,1084.0,4856211600,7181228300,7375324568,20
2026-10-06,162,336A,ダイナミックマッププラットフォーム,グロース（内国株式）,336A.T,2026-10-06,4304700,1521.0,6547448700,7150807350,12976761820,20
2026-10-06,163,9202,ＡＮＡホールディングス,プライム（内国株式）,9202.T,2026-10-06,1815300,2919.0,5298860700,7110858700,6896809488,20
2026-10-06,164,4385,メルカリ,プライム（内国株式）,4385.T,2026-10-06,1309600,3551.0,4650389600,7098535000,7553129785,20
2026-10-06,165,7911,ＴＯＰＰＡＮホールディングス,プライム（内国株式）,7911.T,2026-10-06,2712100,2438.0,6612099800,7085003800,7260028452,20
2026-10-06,166,7003,三井Ｅ＆Ｓ,プライム（内国株式）,7003.T,2026-10-06,1729800,4150.0,7178670000,7015485500,7466708095,20
2026-10-06,167,5333,ＮＧＫ,プライム（内国株式）,5333.T,2026-10-06,1311100,5919.0,7760400900,6884851800,7337277780,20
2026-10-06,168,6227,ＡＩメカテック,スタンダード（内国株式）,6227.T,2026-10-06,1701600,8970.0,15263352000,6834300500,7945807050,20
2026-10-06,169,3407,旭化成,プライム（内国株式）,3407.T,2026-10-06,2879900,1674.0,4820952600,6786190100,7019080662,20
2026-10-06,170,9201,日本航空,プライム（内国株式）,9201.T,2026-10-06,2461100,3007.0,7400527700,6760987350,6625983560,20
2026-10-06,171,3038,神戸物産,プライム（内国株式）,3038.T,2026-10-06,1654500,2945.0,4872502500,6754354450,7814049528,20
2026-10-06,172,5201,ＡＧＣ,プライム（内国株式）,5201.T,2026-10-06,1413300,5912.0,8355429600,6688868600,6494844305,20
2026-10-06,173,2768,双日,プライム（内国株式）,2768.T,2026-10-06,1110100,5523.0,6131082300,6606293400,6848664935,20
2026-10-06,174,5831,しずおかフィナンシャルグループ,プライム（内国株式）,5831.T,2026-10-06,1403200,3645.0,5114664000,6537378200,6660993295,20
2026-10-06,175,8795,Ｔ＆Ｄホールディングス,プライム（内国株式）,8795.T,2026-10-06,1364500,4892.0,6675134000,6512453850,6591493430,20
2026-10-06,176,7014,名村造船所,スタンダード（内国株式）,7014.T,2026-10-06,1260800,4630.0,5837504000,6500648250,6986997575,20
2026-10-06,177,4188,三菱ケミカルグループ,プライム（内国株式）,4188.T,2026-10-06,6253900,1180.0,7379602000,6469142975,7010447505,20
2026-10-06,178,5101,横浜ゴム,プライム（内国株式）,5101.T,2026-10-06,1152100,7270.0,8375767000,6445697200,6556976820,20
2026-10-06,179,4203,住友ベークライト,プライム（内国株式）,4203.T,2026-10-06,843700,9300.0,7846410000,6376001500,6568674375,20
2026-10-06,180,4186,東京応化工業,プライム（内国株式）,4186.T,2026-10-06,662500,9378.0,6212925000,6343098700,6294973175,20
2026-10-06,181,9531,東京瓦斯,プライム（内国株式）,9531.T,2026-10-06,1065900,6098.0,6499858200,6337704700,6370164545,20
2026-10-06,182,8354,ふくおかフィナンシャルグループ,プライム（内国株式）,8354.T,2026-10-06,856100,8033.0,6877051300,6321917250,6549423425,20
2026-10-06,183,9532,大阪瓦斯,プライム（内国株式）,9532.T,2026-10-06,1456900,5663.0,8250424700,6292819500,6632519260,20
2026-10-06,184,6315,ＴＯＷＡ,プライム（内国株式）,6315.T,2026-10-06,3980900,2573.0,10242855700,6197713200,6559774470,20
2026-10-06,185,5631,日本製鋼所,プライム（内国株式）,5631.T,2026-10-06,1005700,7294.0,7335575800,6193781600,6559281450,20
2026-10-06,186,2801,キッコーマン,プライム（内国株式）,2801.T,2026-10-06,3964300,1702.0,6747238600,6176579050,6412115638,20
2026-10-06,187,6305,日立建機,プライム（内国株式）,6305.T,2026-10-06,865700,5736.0,4965655200,6174910800,5923715695,20
2026-10-06,188,7550,ゼンショーホールディングス,プライム（内国株式）,7550.T,2026-10-06,293000,11055.0,3239115000,6162192750,6519297125,20
2026-10-06,189,5838,楽天銀行,プライム（内国株式）,5838.T,2026-10-06,962500,6551.0,6305337500,6160352500,6781026210,20
2026-10-06,190,6481,ＴＨＫ,プライム（内国株式）,6481.T,2026-10-06,923000,6842.0,6315166000,6109361250,6507484875,20
2026-10-06,191,1911,住友林業,プライム（内国株式）,1911.T,2026-10-06,6289300,1171.5,7367914950,6100073350,6169969665,20
2026-10-06,192,5332,ＴＯＴＯ,プライム（内国株式）,5332.T,2026-10-06,1173200,6241.0,7321941200,6096095250,6273100425,20
2026-10-06,193,3350,メタプラネット,スタンダード（内国株式）,3350.T,2026-10-06,15771100,288.0,4542076800,6082797450,7011378205,20
2026-10-06,194,3099,三越伊勢丹ホールディングス,プライム（内国株式）,3099.T,2026-10-06,4957600,1721.0,8532029600,6082103000,6788260142,20
2026-10-06,195,9021,西日本旅客鉄道,プライム（内国株式）,9021.T,2026-10-06,1782900,2849.5,5080373550,6006131200,5990597990,20
2026-10-06,196,6269,三井海洋開発,プライム（内国株式）,6269.T,2026-10-06,778700,8834.0,6879035800,5929984550,5839530335,20
2026-10-06,197,7202,いすゞ自動車,プライム（内国株式）,7202.T,2026-10-06,1992700,2069.5,4123892650,5916408250,5827698675,20
2026-10-06,198,5344,ＭＡＲＵＷＡ,プライム（内国株式）,5344.T,2026-10-06,98400,61350.0,6036840000,5895777000,5991435950,20
2026-10-06,199,4523,エーザイ,プライム（内国株式）,4523.T,2026-10-06,1052800,4676.0,4922892800,5885737900,5751441365,20
2026-10-06,200,8593,三菱ＨＣキャピタル,プライム（内国株式）,8593.T,2026-10-06,4098100,1315.5,5391050550,5840274975,6110529472,20
2026-10-06,201,9506,東北電力,プライム（内国株式）,9506.T,2026-10-06,2762700,1251.0,3456137700,5778322950,6158823492,20
2026-10-06,202,6324,ハーモニック・ドライブ・システムズ,プライム（内国株式）,6324.T,2026-10-06,682600,6600.0,4505160000,5709230000,5873197250,20
2026-10-06,203,7826,フルヤ金属,プライム（内国株式）,7826.T,2026-10-06,239000,11880.0,2839320000,5688086500,5867605000,20
2026-10-06,204,2413,エムスリー,プライム（内国株式）,2413.T,2026-10-06,2968000,1826.5,5421052000,5581579875,5518347525,20
2026-10-06,205,2737,トーメンデバイス,プライム（内国株式）,2737.T,2026-10-06,164400,37300.0,6132120000,5547837500,6236537000,20
2026-10-06,206,6856,堀場製作所,プライム（内国株式）,6856.T,2026-10-06,181900,26495.0,4819440500,5444559000,5700897350,20
2026-10-06,207,6448,ブラザー工業,プライム（内国株式）,6448.T,2026-10-06,804000,4722.0,3796488000,5391062600,5386166395,20
2026-10-06,208,4005,住友化学,プライム（内国株式）,4005.T,2026-10-06,10292300,598.9000244140625,6164058721,5295187198,5777734886,20
2026-10-06,209,4751,サイバーエージェント,プライム（内国株式）,4751.T,2026-10-06,3659800,1235.5,4521682900,5270739850,5328779445,20
2026-10-06,210,3402,東レ,プライム（内国株式）,3402.T,2026-10-06,3924800,1254.0,4921699200,5262473800,5364808595,20
2026-10-06,211,543A,ＡＲＣＨＩＯＮ,プライム（内国株式）,543A.T,2026-10-06,21218100,285.0,6047158500,5228784200,6104400000,20
2026-10-06,212,6113,アマダ,プライム（内国株式）,6113.T,2026-10-06,1393600,2675.5,3728576800,5223278550,5450001780,20
2026-10-06,213,7729,東京精密,プライム（内国株式）,7729.T,2026-10-06,260500,20445.0,5325922500,5175361250,5588214175,20
2026-10-06,214,9962,ミスミグループ本社,プライム（内国株式）,9962.T,2026-10-06,1561100,4140.0,6462954000,5162304500,5237753365,20
2026-10-06,215,7966,リンテック,プライム（内国株式）,7966.T,2026-10-06,555300,6040.0,3354012000,5137886000,6767748800,20
2026-10-06,216,4506,住友ファーマ,プライム（内国株式）,4506.T,2026-10-06,2634600,1621.0,4270686600,5098337475,5133529592,20
2026-10-06,217,4182,三菱瓦斯化学,プライム（内国株式）,4182.T,2026-10-06,1289200,4093.0,5276695600,5083278800,5161278115,20
2026-10-06,218,8050,セイコーグループ,プライム（内国株式）,8050.T,2026-10-06,313700,11230.0,3522851000,5080616500,5649262450,20
2026-10-06,219,7167,めぶきフィナンシャルグループ,プライム（内国株式）,7167.T,2026-10-06,3490300,1732.0,6045199600,5058266100,5132471635,20
2026-10-06,220,7259,アイシン,プライム（内国株式）,7259.T,2026-10-06,1863400,2211.0,4119977400,5051347125,5557534432,20
2026-10-06,221,6869,シスメックス,プライム（内国株式）,6869.T,2026-10-06,2605300,1895.5,4938346150,5006357575,5062432255,20
2026-10-06,222,6302,住友重機械工業,プライム（内国株式）,6302.T,2026-10-06,768700,6265.0,4815905500,4956216400,5039110390,20
2026-10-06,223,5301,東海カーボン,プライム（内国株式）,5301.T,2026-10-06,1438000,2380.0,3422440000,4936643750,5372158902,20
2026-10-06,224,6841,横河電機,プライム（内国株式）,6841.T,2026-10-06,1035400,4743.0,4910902200,4853916300,4870079235,20
2026-10-06,225,2875,東洋水産,プライム（内国株式）,2875.T,2026-10-06,553500,9873.0,5464705500,4837415500,4836952730,20
2026-10-06,226,9147,ＮＩＰＰＯＮ　ＥＸＰＲＥＳＳホールディングス,プライム（内国株式）,9147.T,2026-10-06,1275900,5730.0,7310907000,4812656550,5136292185,20
2026-10-06,227,1878,大東建託,プライム（内国株式）,1878.T,2026-10-06,1514500,3113.0,4714638500,4784363250,5135603805,20
2026-10-06,228,7747,朝日インテック,プライム（内国株式）,7747.T,2026-10-06,1506500,3459.0,5210983500,4763225200,4922128845,20
2026-10-06,229,6323,ローツェ,プライム（内国株式）,6323.T,2026-10-06,1692500,4506.0,7626405000,4725948450,5329593335,20
2026-10-06,230,2269,明治ホールディングス,プライム（内国株式）,2269.T,2026-10-06,827500,4129.0,3416747500,4660710750,4619944395,20
2026-10-06,231,8303,ＳＢＩ新生銀行,プライム（内国株式）,8303.T,2026-10-06,1944600,1529.5,2974265700,4635631100,5111678880,20
2026-10-06,232,6724,セイコーエプソン,プライム（内国株式）,6724.T,2026-10-06,1074100,3367.0,3616494700,4634304350,4605726420,20
2026-10-06,233,4183,三井化学,プライム（内国株式）,4183.T,2026-10-06,1326100,2172.5,2880952250,4611985100,5557059952,20
2026-10-06,234,7309,シマノ,プライム（内国株式）,7309.T,2026-10-06,217800,17460.0,3802788000,4603833500,4903963550,20
2026-10-06,235,6965,浜松ホトニクス,プライム（内国株式）,6965.T,2026-10-06,1830800,2506.5,4588900200,4535719900,4768962078,20
2026-10-06,236,6590,芝浦メカトロニクス,プライム（内国株式）,6590.T,2026-10-06,918100,4370.0,4012097000,4510329750,5003984225,20
2026-10-06,237,5844,京都フィナンシャルグループ,プライム（内国株式）,5844.T,2026-10-06,940300,4775.0,4489932500,4502717350,4646810895,20
2026-10-06,238,4980,デクセリアルズ,プライム（内国株式）,4980.T,2026-10-06,2449900,3639.0,8915186100,4474386525,5040315192,20
2026-10-06,239,6134,ＦＵＪＩ,プライム（内国株式）,6134.T,2026-10-06,732400,8488.0,6216611200,4425095800,5468059160,20
2026-10-06,240,6268,ナブテスコ,プライム（内国株式）,6268.T,2026-10-06,873500,4987.0,4356144500,4346479050,4330532740,20
2026-10-06,241,9042,阪急阪神ホールディングス,プライム（内国株式）,9042.T,2026-10-06,1166600,4482.0,5228701200,4341762100,4860976855,20
2026-10-06,242,7701,島津製作所,プライム（内国株式）,7701.T,2026-10-06,1625000,4117.0,6690125000,4331798100,4588506760,20
2026-10-06,243,5105,ＴＯＹＯ　ＴＩＲＥ,プライム（内国株式）,5105.T,2026-10-06,781800,3969.0,3102964200,4328306300,5430916075,20
2026-10-06,244,9602,東宝,プライム（内国株式）,9602.T,2026-10-06,1988400,1566.0,3113834400,4287693600,4663859742,20
2026-10-06,245,8113,ユニ・チャーム,プライム（内国株式）,8113.T,2026-10-06,5559600,935.0,5198226000,4279429324,4235505201,20
2026-10-06,246,5076,インフロニア・ホールディングス,プライム（内国株式）,5076.T,2026-10-06,4742500,2318.5,10995486250,4261548000,5464657475,20
2026-10-06,247,8377,ほくほくフィナンシャルグループ,プライム（内国株式）,8377.T,2026-10-06,5886700,896.7000122070312,5278603962,4248910561,4790870793,20
2026-10-06,248,7912,大日本印刷,プライム（内国株式）,7912.T,2026-10-06,1747700,3045.0,5321746500,4228337725,4457195042,20
2026-10-06,249,3088,マツキヨココカラ＆カンパニー,プライム（内国株式）,3088.T,2026-10-06,1457700,2428.0,3539295600,4211919850,4195529078,20
2026-10-06,250,8304,あおぞら銀行,プライム（内国株式）,8304.T,2026-10-06,759900,3447.0,2619375300,4205759100,4174748225,20
2026-10-06,251,4021,日産化学,プライム（内国株式）,4021.T,2026-10-06,486000,8879.0,4315194000,4176426100,4389641850,20
2026-10-06,252,9005,東急,プライム（内国株式）,9005.T,2026-10-06,1830700,1584.5,2900744150,4154978025,4140514728,20
2026-10-06,253,3905,データセクション,グロース（内国株式）,3905.T,2026-10-06,3612500,1842.0,6654225000,4137821700,10014175120,20
2026-10-06,254,6586,マキタ,プライム（内国株式）,6586.T,2026-10-06,864800,5348.0,4624950400,4135856500,3942444685,20
2026-10-06,255,6613,ＱＤレーザ,グロース（内国株式）,6613.T,2026-10-06,3078900,2313.0,7121495700,4133675400,4370060445,20
2026-10-06,256,2702,日本マクドナルドホールディングス,スタンダード（内国株式）,2702.T,2026-10-06,525000,7430.0,3900750000,4133470500,4425433900,20
2026-10-06,257,6370,栗田工業,プライム（内国株式）,6370.T,2026-10-06,411000,8029.0,3299919000,4132479300,4342263410,20
2026-10-06,258,5830,いよぎんホールディングス,プライム（内国株式）,5830.T,2026-10-06,971200,3940.0,3826528000,4112960000,4171486145,20
2026-10-06,259,5110,住友ゴム工業,プライム（内国株式）,5110.T,2026-10-06,1140700,2013.0,2296229100,4093176300,4182891962,20
2026-10-06,260,8359,八十二長野銀行,プライム（内国株式）,8359.T,2026-10-06,1270500,2847.5,3617748750,4074692400,3979998302,20
2026-10-06,261,6834,精工技研,スタンダード（内国株式）,6834.T,2026-10-06,939900,7370.0,6927063000,3936920500,4603062975,20
2026-10-06,262,9706,日本空港ビルデング,プライム（内国株式）,9706.T,2026-10-06,556900,5434.0,3026194600,3929844900,5622906630,20
2026-10-06,263,1942,関電工,プライム（内国株式）,1942.T,2026-10-06,668300,5517.0,3687011100,3913024300,5279084985,20
2026-10-06,264,4052,フィーチャ,グロース（内国株式）,4052.T,2026-10-06,397600,995.0,395612000,3880746900,4248263155,20
2026-10-06,265,9024,西武ホールディングス,プライム（内国株式）,9024.T,2026-10-06,755000,3564.0,2690820000,3879639650,4377306660,20
2026-10-06,266,186A,アストロスケールホールディングス,グロース（内国株式）,186A.T,2026-10-06,4030300,1219.0,4912935700,3879402750,4413384620,20
2026-10-06,267,6674,ジーエス・ユアサ　コーポレーション,プライム（内国株式）,6674.T,2026-10-06,686300,5700.0,3911910000,3866831000,4201893430,20
2026-10-06,268,2587,サントリービバレッジ＆フード,プライム（内国株式）,2587.T,2026-10-06,799300,4513.0,3607240900,3855619700,4012225470,20
2026-10-06,269,4091,日本酸素ホールディングス,プライム（内国株式）,4091.T,2026-10-06,784800,5650.0,4434120000,3841361300,3963267475,20
2026-10-06,270,6141,ＤＭＧ森精機,プライム（内国株式）,6141.T,2026-10-06,1114400,2900.0,3231760000,3787522450,3917783955,20
2026-10-06,271,3231,野村不動産ホールディングス,プライム（内国株式）,3231.T,2026-10-06,3787700,846.0,3204394200,3765937645,4447583122,20
2026-10-06,272,8334,群馬銀行,プライム（内国株式）,8334.T,2026-10-06,856500,3109.0,2662858500,3758472200,4139839565,20
2026-10-06,273,4768,大塚商会,プライム（内国株式）,4768.T,2026-10-06,800100,3675.0,2940367500,3751697700,4029194220,20
2026-10-06,274,3132,マクニカホールディングス,プライム（内国株式）,3132.T,2026-10-06,1167900,4351.0,5081532900,3750725600,3739472660,20
2026-10-06,275,4564,オンコセラピー・サイエンス,グロース（内国株式）,4564.T,2026-10-06,269383700,21.0,5657057700,3746403150,3663442290,20
2026-10-06,276,7181,かんぽ生命保険,プライム（内国株式）,7181.T,2026-10-06,1801000,1728.0,3112128000,3739079050,3941237462,20
2026-10-06,277,4151,協和キリン,プライム（内国株式）,4151.T,2026-10-06,1590200,2218.0,3527063600,3718704675,4041572785,20
2026-10-06,278,5805,ＳＷＣＣ,プライム（内国株式）,5805.T,2026-10-06,2261600,2935.0,6637796000,3705080400,3707941785,20
2026-10-06,279,4204,積水化学工業,プライム（内国株式）,4204.T,2026-10-06,1380200,2529.0,3490525800,3678266175,3732248638,20
2026-10-06,280,338A,ＺｅｎｍｕＴｅｃｈ,グロース（内国株式）,338A.T,2026-10-06,804600,4985.0,4010931000,3657156000,4226741385,20
2026-10-06,281,3064,ＭｏｎｏｔａＲＯ,プライム（内国株式）,3064.T,2026-10-06,1987900,2120.0,4214348000,3646584850,3823239518,20
2026-10-06,282,5714,ＤＯＷＡホールディングス,プライム（内国株式）,5714.T,2026-10-06,279900,8766.0,2453603400,3643259800,3844166290,20
2026-10-06,283,3391,ツルハホールディングス,プライム（内国株式）,3391.T,2026-10-06,1715700,2124.5,3645004650,3623976250,3759701105,20
2026-10-06,284,1944,きんでん,プライム（内国株式）,1944.T,2026-10-06,491300,6868.0,3374248400,3620276950,3690709930,20
2026-10-06,285,6952,カシオ計算機,プライム（内国株式）,6952.T,2026-10-06,1770600,2274.0,4026344400,3564545775,3539577232,20
2026-10-06,286,3003,ヒューリック,プライム（内国株式）,3003.T,2026-10-06,2225700,1671.5,3720257550,3564429100,3435671385,20
2026-10-06,287,6855,日本電子材料,スタンダード（内国株式）,6855.T,2026-10-06,511100,8650.0,4421015000,3516555500,3916361850,20
2026-10-06,288,268A,リガク・ホールディングス,プライム（内国株式）,268A.T,2026-10-06,1782500,1893.0,3374272500,3476890150,3835953245,20
2026-10-06,289,6728,アルバック,プライム（内国株式）,6728.T,2026-10-06,492400,8444.0,4157825600,3442087450,3616069385,20
2026-10-06,290,6460,セガサミーホールディングス,プライム（内国株式）,6460.T,2026-10-06,687600,3238.0,2226448800,3435391700,3408203385,20
2026-10-06,291,4612,日本ペイントホールディングス,プライム（内国株式）,4612.T,2026-10-06,3193300,1189.5,3798430350,3425172475,3759354532,20
2026-10-06,292,3626,ＴＩＳＩ,プライム（内国株式）,3626.T,2026-10-06,656200,4011.0,2632018200,3415310200,3641022725,20
2026-10-06,293,8233,高島屋,プライム（内国株式）,8233.T,2026-10-06,1435400,2145.0,3078933000,3394811450,3531535162,20
2026-10-06,294,5406,神戸製鋼所,プライム（内国株式）,5406.T,2026-10-06,1309900,2024.0,2651237600,3374113625,3526477178,20
2026-10-06,295,7762,シチズン時計,プライム（内国株式）,7762.T,2026-10-06,955000,2488.0,2376040000,3373784100,3675924330,20
2026-10-06,296,6368,オルガノ,プライム（内国株式）,6368.T,2026-10-06,1987000,2754.5,5473191500,3357021000,3660210388,20
2026-10-06,297,2897,日清食品ホールディングス,プライム（内国株式）,2897.T,2026-10-06,785800,2845.0,2235601000,3339946975,3397141735,20
2026-10-06,298,6770,アルプスアルパイン,プライム（内国株式）,6770.T,2026-10-06,1810300,2254.5,4081321350,3320345850,3532691928,20
2026-10-06,299,3289,東急不動産ホールディングス,プライム（内国株式）,3289.T,2026-10-06,2282600,1187.0,2709446200,3296957225,3294475890,20
2026-10-06,300,3697,ＳＨＩＦＴ,プライム（内国株式）,3697.T,2026-10-06,4547800,878.7000122070312,3996151916,3288406763,3639213814,20
2026-10-06,301,2282,日本ハム,プライム（内国株式）,2282.T,2026-10-06,1333600,1988.0,2651196800,3284892000,3536899777,20
2026-10-06,302,6806,ヒロセ電機,プライム（内国株式）,6806.T,2026-10-06,127500,26020.0,3317550000,3283759500,3387828500,20
2026-10-06,303,4324,電通グループ,プライム（内国株式）,4324.T,2026-10-06,721900,3511.0,2534590900,3280642000,3223321005,20
2026-10-06,304,5938,ＬＩＸＩＬ,プライム（内国株式）,5938.T,2026-10-06,1772900,1663.0,2948332700,3241763700,3565128195,20
2026-10-06,305,4528,小野薬品工業,プライム（内国株式）,4528.T,2026-10-06,1314800,2274.0,2989855200,3231062625,3456614568,20
2026-10-06,306,8253,クレディセゾン,プライム（内国株式）,8253.T,2026-10-06,731800,4379.0,3204552200,3217343650,3345516150,20
2026-10-06,307,6754,アンリツ,プライム（内国株式）,6754.T,2026-10-06,805100,3679.0,2961962900,3216640800,3454636110,20
2026-10-06,308,1963,日揮ホールディングス,プライム（内国株式）,1963.T,2026-10-06,1032300,2241.5,2313900450,3171618050,3253302525,20
2026-10-06,309,1893,五洋建設,プライム（内国株式）,1893.T,2026-10-06,1027100,1422.0,1460536200,3121193600,3200683615,20
2026-10-06,310,7731,ニコン,プライム（内国株式）,7731.T,2026-10-06,1357300,1940.0,2633162000,3094976500,3333859595,20
2026-10-06,311,3086,Ｊ．フロント　リテイリング,プライム（内国株式）,3086.T,2026-10-06,930400,2658.5,2473468400,3084437350,3247905475,20
2026-10-06,312,7752,リコー,プライム（内国株式）,7752.T,2026-10-06,1716500,1681.0,2885436500,3077122800,3210551518,20
2026-10-06,313,8341,七十七銀行,プライム（内国株式）,8341.T,2026-10-06,648100,4222.0,2736278200,3059515350,3297178890,20
2026-10-06,314,9684,スクウェア・エニックス・ホールディングス,プライム（内国株式）,9684.T,2026-10-06,922100,2837.0,2615997700,3053736625,3189038185,20
2026-10-06,315,3092,ＺＯＺＯ,プライム（内国株式）,3092.T,2026-10-06,2388200,1109.5,2649707900,3026886925,3044338165,20
2026-10-06,316,7211,三菱自動車工業,プライム（内国株式）,7211.T,2026-10-06,8652600,348.8999938964844,3018892087,3010904444,3222847937,20
2026-10-06,317,8804,東京建物,プライム（内国株式）,8804.T,2026-10-06,783600,3190.0,2499684000,2969473000,3189517915,20
2026-10-06,318,4088,エア・ウォーター,プライム（内国株式）,4088.T,2026-10-06,928600,2885.0,2679011000,2959330750,3966548195,20
2026-10-06,319,2160,ジーエヌアイグループ,グロース（内国株式）,2160.T,2026-10-06,1996900,3635.0,7258731500,2956801700,3694905835,20
2026-10-06,320,4902,コニカミノルタ,プライム（内国株式）,4902.T,2026-10-06,5066800,652.0,3303553600,2934503322,3883578011,20
2026-10-06,321,8252,丸井グループ,プライム（内国株式）,8252.T,2026-10-06,720400,2758.0,1986863200,2927911625,2885079085,20
2026-10-06,322,2267,ヤクルト本社,プライム（内国株式）,2267.T,2026-10-06,876800,2733.5,2396732800,2922948850,3059297322,20
2026-10-06,323,7581,サイゼリヤ,プライム（内国株式）,7581.T,2026-10-06,395600,6780.0,2682168000,2920632500,2967715550,20
2026-10-06,324,6407,ＣＫＤ,プライム（内国株式）,6407.T,2026-10-06,503200,6020.0,3029264000,2907712000,2818784050,20
2026-10-06,325,3861,王子ホールディングス,プライム（内国株式）,3861.T,2026-10-06,3604700,828.9000244140625,2987935918,2885828759,3065182864,20
2026-10-06,326,8918,ランド,スタンダード（内国株式）,8918.T,2026-10-06,309663100,10.0,3096631000,2884177000,2997430505,20
2026-10-06,327,3197,すかいらーくホールディングス,プライム（内国株式）,3197.T,2026-10-06,653300,3200.0,2090560000,2878203150,3043547670,20
2026-10-06,328,1721,コムシスホールディングス,プライム（内国株式）,1721.T,2026-10-06,790800,5585.0,4416618000,2853762450,3256649525,20
2026-10-06,329,4042,東ソー,プライム（内国株式）,4042.T,2026-10-06,1106300,2644.5,2925610350,2829790375,2867378702,20
2026-10-06,330,7649,スギホールディングス,プライム（内国株式）,7649.T,2026-10-06,1364600,1228.0,1675728800,2827375950,2946409525,20
2026-10-06,331,5214,日本電気硝子,プライム（内国株式）,5214.T,2026-10-06,657600,5267.0,3463579200,2827273450,2901158905,20
2026-10-06,332,9435,光通信,プライム（内国株式）,9435.T,2026-10-06,93100,36020.0,3353462000,2819250000,3141611600,20
2026-10-06,333,6278,ユニオンツール,プライム（内国株式）,6278.T,2026-10-06,210600,17070.0,3594942000,2814444500,2975656450,20
2026-10-06,334,5021,コスモエネルギーホールディングス,プライム（内国株式）,5021.T,2026-10-06,614400,4130.0,2537472000,2799541850,3195303015,20
2026-10-06,335,8358,スルガ銀行,プライム（内国株式）,8358.T,2026-10-06,1298000,3025.0,3926450000,2776270400,2985635290,20
2026-10-06,336,9831,ヤマダホールディングス,プライム（内国株式）,9831.T,2026-10-06,3111000,712.5,2216587500,2774235193,3497953571,20
2026-10-06,337,8848,レオパレス２１,プライム（内国株式）,8848.T,2026-10-06,3652800,1004.0,3667411200,2755357250,4722590925,20
2026-10-06,338,4680,ラウンドワン,プライム（内国株式）,4680.T,2026-10-06,1947800,1277.5,2488314500,2744928475,2974515738,20
2026-10-06,339,9412,スカパーＪＳＡＴ,プライム（内国株式）,9412.T,2026-10-06,905100,1972.0,1784857200,2733874100,3075979100,20
2026-10-06,340,6997,日本ケミコン,プライム（内国株式）,6997.T,2026-10-06,853200,2400.0,2047680000,2715206400,2901482060,20
2026-10-06,341,3349,コスモス薬品,プライム（内国株式）,3349.T,2026-10-06,362900,6314.0,2291350600,2704246900,2996037280,20
2026-10-06,342,2579,コカ・コーラ　ボトラーズジャパンホールディングス,プライム（内国株式）,2579.T,2026-10-06,673200,3778.0,2543349600,2685419050,2812433315,20
2026-10-06,343,4527,ロート製薬,プライム（内国株式）,4527.T,2026-10-06,1137000,2718.0,3090366000,2674254725,3193406462,20
2026-10-06,344,7282,豊田合成,プライム（内国株式）,7282.T,2026-10-06,2523000,1071.0,2702133000,2673897209,2665559674,20
2026-10-06,345,215A,タイミー,グロース（内国株式）,215A.T,2026-10-06,1948600,1448.0,2821572800,2673701050,3515249700,20
2026-10-06,346,7951,ヤマハ,プライム（内国株式）,7951.T,2026-10-06,2172800,1209.5,2628001600,2671475300,2805472505,20
2026-10-06,347,9041,近鉄グループホールディングス,プライム（内国株式）,9041.T,2026-10-06,600600,3414.0,2050448400,2662276650,3246725070,20
2026-10-06,348,4732,ユー・エス・エス,プライム（内国株式）,4732.T,2026-10-06,1303000,1804.0,2350612000,2637365300,2958748720,20
2026-10-06,349,7327,第四北越フィナンシャルグループ,プライム（内国株式）,7327.T,2026-10-06,981700,2775.0,2724217500,2633187550,2859686385,20
2026-10-06,350,4443,Ｓａｎｓａｎ,プライム（内国株式）,4443.T,2026-10-06,1282300,2162.0,2772332600,2610953300,2627813025,20
2026-10-06,351,9616,共立メンテナンス,プライム（内国株式）,9616.T,2026-10-06,532000,3194.0,1699208000,2607148700,3014745510,20
2026-10-06,352,9142,九州旅客鉄道,プライム（内国株式）,9142.T,2026-10-06,636600,3356.0,2136429600,2582442600,2982359790,20
2026-10-06,353,2181,パーソルホールディングス,プライム（内国株式）,2181.T,2026-10-06,6747200,278.29998779296875,1877745678,2572433610,2745308470,20
2026-10-06,354,9023,東京地下鉄,プライム（内国株式）,9023.T,2026-10-06,1133200,1429.5,1619909400,2570847325,2760457125,20
2026-10-06,355,7867,タカラトミー,プライム（内国株式）,7867.T,2026-10-06,600600,4214.0,2530928400,2569134700,2860936395,20
2026-10-06,356,4440,ヴィッツ,スタンダード（内国株式）,4440.T,2026-10-06,139600,2458.0,343136800,2563335250,4086804415,20
2026-10-06,357,6471,日本精工,プライム（内国株式）,6471.T,2026-10-06,1660900,1117.5,1856055750,2560386775,2637853162,20
2026-10-06,358,2871,ニチレイ,プライム（内国株式）,2871.T,2026-10-06,842100,2097.0,1765883700,2554273500,2783753465,20
2026-10-06,359,3994,マネーフォワード,プライム（内国株式）,3994.T,2026-10-06,1022700,6290.0,6432783000,2517330400,3423395665,20
2026-10-06,360,4631,ＤＩＣ,プライム（内国株式）,4631.T,2026-10-06,418400,5023.0,2101623200,2514487700,2646614205,20
2026-10-06,361,4613,関西ペイント,プライム（内国株式）,4613.T,2026-10-06,747500,2792.0,2087020000,2508728400,2537088062,20
2026-10-06,362,9007,小田急電鉄,プライム（内国株式）,9007.T,2026-10-06,1082100,1709.0,1849308900,2507721625,2738890920,20
2026-10-06,363,6473,ジェイテクト,プライム（内国株式）,6473.T,2026-10-06,921200,2198.5,2025258200,2486123550,2540787625,20
2026-10-06,364,7389,あいちフィナンシャルグループ,プライム（内国株式）,7389.T,2026-10-06,1019400,2042.0,2081614800,2479912100,2324223320,20
2026-10-06,365,2432,ディー・エヌ・エー,プライム（内国株式）,2432.T,2026-10-06,866400,2490.0,2157336000,2468313875,2702952100,20
2026-10-06,366,4716,日本オラクル,スタンダード（内国株式）,4716.T,2026-10-06,250300,9882.0,2473464600,2451823300,2788461310,20
2026-10-06,367,7564,ワークマン,スタンダード（内国株式）,7564.T,2026-10-06,383900,5250.0,2015475000,2450547000,2720182950,20
2026-10-06,368,1969,高砂熱学工業,プライム（内国株式）,1969.T,2026-10-06,379400,4655.0,1766107000,2411614300,2400936890,20
2026-10-06,369,2492,インフォマート,プライム（内国株式）,2492.T,2026-10-06,3754300,755.0,2834496500,2406940250,2423393335,20
2026-10-06,370,7189,西日本フィナンシャルホールディングス,プライム（内国株式）,7189.T,2026-10-06,527500,5079.0,2679172500,2396482950,2399247400,20
2026-10-06,371,4403,日油,プライム（内国株式）,4403.T,2026-10-06,468200,2558.5,1197889700,2370863200,2325989590,20
2026-10-06,372,4208,ＵＢＥ,プライム（内国株式）,4208.T,2026-10-06,531700,3399.0,1807248300,2369973350,2685458545,20
2026-10-06,373,7220,武蔵精密工業,プライム（内国株式）,7220.T,2026-10-06,546500,3195.0,1746067500,2364213900,2863571310,20
2026-10-06,374,6779,日本電波工業,プライム（内国株式）,6779.T,2026-10-06,570800,3665.0,2091982000,2361159500,2867300360,20
2026-10-06,375,3769,ＧＭＯペイメントゲートウェイ,プライム（内国株式）,3769.T,2026-10-06,201000,8660.0,1740660000,2347940850,2564671000,20
2026-10-06,376,9507,四国電力,プライム（内国株式）,9507.T,2026-10-06,1110200,2094.5,2325313900,2342353700,2818399528,20
2026-10-06,377,9009,京成電鉄,プライム（内国株式）,9009.T,2026-10-06,1594800,1292.5,2061279000,2337863650,2606454108,20
2026-10-06,378,3405,クラレ,プライム（内国株式）,3405.T,2026-10-06,1335000,1818.0,2427030000,2333434150,2760701772,20
2026-10-06,379,3692,ＦＦＲＩセキュリティ,グロース（内国株式）,3692.T,2026-10-06,2431800,8670.0,21083706000,2329113000,3379667900,20
2026-10-06,380,9064,ヤマトホールディングス,プライム（内国株式）,9064.T,2026-10-06,1011400,1966.5,1988918100,2323308150,2374924110,20
2026-10-06,381,4676,フジ・メディア・ホールディングス,プライム（内国株式）,4676.T,2026-10-06,1005700,3966.0,3988606200,2315016400,2464367650,20
2026-10-06,382,1662,石油資源開発,プライム（内国株式）,1662.T,2026-10-06,788700,1725.0,1360507500,2310378800,2468304580,20
2026-10-06,383,3778,さくらインターネット,プライム（内国株式）,3778.T,2026-10-06,549700,3935.0,2163069500,2305842000,2759919750,20
2026-10-06,384,6508,明電舎,プライム（内国株式）,6508.T,2026-10-06,142800,12170.0,1737876000,2300140000,2286798300,20
2026-10-06,385,9509,北海道電力,プライム（内国株式）,9509.T,2026-10-06,1789800,1077.5,1928509500,2259866925,2434128798,20
2026-10-06,386,6507,シンフォニアテクノロジー,プライム（内国株式）,6507.T,2026-10-06,157700,14560.0,2296112000,2255442000,2357298400,20
2026-10-06,387,5929,三和ホールディングス,プライム（内国株式）,5929.T,2026-10-06,519900,3468.0,1803013200,2242685550,2342057290,20
2026-10-06,388,1808,長谷工コーポレーション,プライム（内国株式）,1808.T,2026-10-06,710900,2571.5,1828079350,2226994475,2472600792,20
2026-10-06,389,2264,森永乳業,プライム（内国株式）,2264.T,2026-10-06,1569200,1053.0,1652367600,2209577650,2222308062,20
2026-10-06,390,3105,日清紡ホールディングス,プライム（内国株式）,3105.T,2026-10-06,849700,2779.0,2361316300,2202113925,2182009055,20
2026-10-06,391,4536,参天製薬,プライム（内国株式）,4536.T,2026-10-06,1226700,1683.5,2065149450,2198187775,2430940418,20
2026-10-06,392,6753,シャープ,プライム（内国株式）,6753.T,2026-10-06,3824500,636.5,2434294250,2197543422,2493555170,20
2026-10-06,393,8227,しまむら,プライム（内国株式）,8227.T,2026-10-06,687500,3258.0,2239875000,2196016350,2555977005,20
2026-10-06,394,5471,大同特殊鋼,プライム（内国株式）,5471.T,2026-10-06,1493900,2650.5,3959581950,2193980550,2300715375,20
2026-10-06,395,2212,山崎製パン,プライム（内国株式）,2212.T,2026-10-06,442400,3564.0,1576713600,2190829050,2313716950,20
2026-10-06,396,6777,ｓａｎｔｅｃ　Ｈｏｌｄｉｎｇｓ,スタンダード（内国株式）,6777.T,2026-10-06,195400,25530.0,4988562000,2165664000,2447224450,20
2026-10-06,397,8524,北洋銀行,プライム（内国株式）,8524.T,2026-10-06,1132700,1398.0,1583514600,2130563500,2134215925,20
2026-10-06,398,4971,メック,プライム（内国株式）,4971.T,2026-10-06,418000,7620.0,3185160000,2114597500,2402680300,20
2026-10-06,399,1332,ニッスイ,プライム（内国株式）,1332.T,2026-10-06,1123000,1104.0,1239792000,2097126225,2271333205,20
2026-10-06,400,4114,日本触媒,プライム（内国株式）,4114.T,2026-10-06,534900,2584.0,1382181600,2095809450,2397653520,20
2026-10-06,401,4368,扶桑化学工業,プライム（内国株式）,4368.T,2026-10-06,624800,3515.0,2196172000,2091008000,2144445440,20
2026-10-06,402,4461,第一工業製薬,プライム（内国株式）,4461.T,2026-10-06,222000,16360.0,3631920000,2080822500,2206013550,20
2026-10-06,403,2501,サッポロビール,プライム（内国株式）,2501.T,2026-10-06,916000,1874.5,1717042000,2064619125,2154925990,20
2026-10-06,404,5991,日本発條,プライム（内国株式）,5991.T,2026-10-06,1597500,3899.0,6228652500,2055266950,2415241440,20
2026-10-06,405,9513,電源開発,プライム（内国株式）,9513.T,2026-10-06,565000,3987.0,2252655000,2053388100,2289419815,20
2026-10-06,406,3288,オープンハウスグループ,プライム（内国株式）,3288.T,2026-10-06,186100,7393.0,1375837300,2049654250,2206045275,20
2026-10-06,407,4205,日本ゼオン,プライム（内国株式）,4205.T,2026-10-06,1116500,2474.0,2762221000,2041406500,2218805710,20
2026-10-06,408,6966,三井ハイテック,プライム（内国株式）,6966.T,2026-10-06,1545100,948.0,1464754800,2038710050,3154680885,20
2026-10-06,409,4540,ツムラ,プライム（内国株式）,4540.T,2026-10-06,375500,3725.0,1398737500,2032746000,2212832805,20
2026-10-06,410,8368,百五銀行,プライム（内国株式）,8368.T,2026-10-06,792300,2732.0,2164563600,2025907200,2032116060,20
2026-10-06,411,4061,デンカ,プライム（内国株式）,4061.T,2026-10-06,614900,3331.0,2048231900,2024794850,2119588955,20
2026-10-06,412,7276,小糸製作所,プライム（内国株式）,7276.T,2026-10-06,982400,2741.5,2693249600,2017527450,2052104910,20
2026-10-06,413,7180,九州フィナンシャルグループ,プライム（内国株式）,7180.T,2026-10-06,1070200,1767.5,1891578500,2017235250,2380720620,20
2026-10-06,414,6622,ダイヘン,プライム（内国株式）,6622.T,2026-10-06,1393400,2887.0,4022745800,2014573000,2455303030,20
2026-10-06,415,9143,ＳＧホールディングス,プライム（内国株式）,9143.T,2026-10-06,1320700,1431.5,1890582050,2008400500,2079157175,20
2026-10-06,416,9504,中国電力,プライム（内国株式）,9504.T,2026-10-06,1742500,988.5,1722461250,1998276600,2148747617,20
2026-10-06,417,6951,日本電子,プライム（内国株式）,6951.T,2026-10-06,393700,8243.0,3245269100,1996866950,2161395365,20
2026-10-06,418,6417,ＳＡＮＫＹＯ,プライム（内国株式）,6417.T,2026-10-06,715500,2016.5,1442805750,1993897550,2464038470,20
2026-10-06,419,6465,ホシザキ,プライム（内国株式）,6465.T,2026-10-06,419200,5200.0,2179840000,1993122300,1979892935,20
2026-10-06,420,4812,電通総研,プライム（内国株式）,4812.T,2026-10-06,281400,2863.0,805648200,1984333300,2363168285,20
2026-10-06,421,5233,太平洋セメント,プライム（内国株式）,5233.T,2026-10-06,473200,4193.0,1984127600,1953406350,1976076030,20
2026-10-06,422,4194,ビジョナル,プライム（内国株式）,4194.T,2026-10-06,135300,8881.0,1201599300,1922531400,2388168190,20
2026-10-06,423,4043,トクヤマ,プライム（内国株式）,4043.T,2026-10-06,349900,4194.0,1467480600,1918265850,2043320975,20
2026-10-06,424,6941,山一電機,プライム（内国株式）,6941.T,2026-10-06,320000,10200.0,3264000000,1913660000,2356937700,20
2026-10-06,425,4180,Ａｐｐｉｅｒ　Ｇｒｏｕｐ,プライム（内国株式）,4180.T,2026-10-06,1403800,1402.0,1968127600,1913255400,2016234890,20
2026-10-06,426,429A,テクセンドフォトマスク,プライム（内国株式）,429A.T,2026-10-06,808700,4065.0,3287365500,1898778250,2106383650,20
2026-10-06,427,5857,ＡＲＥホールディングス,プライム（内国株式）,5857.T,2026-10-06,454900,3590.0,1633091000,1898329500,1872361025,20
2026-10-06,428,2531,宝ホールディングス,プライム（内国株式）,2531.T,2026-10-06,1228100,2509.5,3081916950,1889171600,1924250020,20
2026-10-06,429,6845,アズビル,プライム（内国株式）,6845.T,2026-10-06,1229000,1484.5,1824450500,1887494675,2180519158,20
2026-10-06,430,6996,ニチコン,プライム（内国株式）,6996.T,2026-10-06,488500,2718.0,1327743000,1884920400,1947608695,20
2026-10-06,431,6814,古野電気,プライム（内国株式）,6814.T,2026-10-06,362000,8130.0,2943060000,1882424000,1992994050,20
2026-10-06,432,2222,寿スピリッツ,プライム（内国株式）,2222.T,2026-10-06,612300,2435.0,1490950500,1862719275,2144706778,20
2026-10-06,433,4597,ソレイジア・ファーマ,グロース（内国株式）,4597.T,2026-10-06,81404900,32.0,2604956800,1853298650,1940689610,20
2026-10-06,434,141A,トライアルホールディングス,グロース（内国株式）,141A.T,2026-10-06,471100,3935.0,1853778500,1848178000,2034489750,20
2026-10-06,435,9401,ＴＢＳホールディングス,プライム（内国株式）,9401.T,2026-10-06,354300,6033.0,2137491900,1832465700,1882708770,20
2026-10-06,436,604A,ビーエイブル,スタンダード（内国株式）,604A.T,2026-10-06,1181400,1602.0,1892602800,1824321100,3219360565,20
2026-10-06,437,7956,ピジョン,プライム（内国株式）,7956.T,2026-10-06,1104100,2058.5,2272789850,1823529700,1933909838,20
2026-10-06,438,9989,サンドラッグ,プライム（内国株式）,9989.T,2026-10-06,502500,3540.0,1778850000,1819518350,2095866525,20
2026-10-06,439,5741,ＵＡＣＪ,プライム（内国株式）,5741.T,2026-10-06,864200,2183.0,1886548600,1813878200,1822677910,20
2026-10-06,440,8366,滋賀銀行,プライム（内国株式）,8366.T,2026-10-06,593100,3180.0,1886058000,1807535750,1824592965,20
2026-10-06,441,3186,ネクステージ,プライム（内国株式）,3186.T,2026-10-06,3335100,2699.0,9001434900,1794712100,2283661965,20
2026-10-06,442,2002,日清製粉グループ本社,プライム（内国株式）,2002.T,2026-10-06,861200,1956.0,1684507200,1788147400,1904737405,20
2026-10-06,443,9001,東武鉄道,プライム（内国株式）,9001.T,2026-10-06,535300,2769.5,1482513350,1787031150,2398587670,20
2026-10-06,444,7721,東京計器,プライム（内国株式）,7721.T,2026-10-06,194700,7330.0,1427151000,1770256000,1935678850,20
2026-10-06,445,6103,オークマ,プライム（内国株式）,6103.T,2026-10-06,342500,4935.0,1690237500,1748289250,1810902800,20
2026-10-06,446,8056,ＢＩＰＲＯＧＹ,プライム（内国株式）,8056.T,2026-10-06,289500,4700.0,1360650000,1743422100,2058448180,20
2026-10-06,447,4666,パーク２４,プライム（内国株式）,4666.T,2026-10-06,2758200,1744.0,4810300800,1741128600,3065403718,20
2026-10-06,448,7173,東京きらぼしフィナンシャルグループ,プライム（内国株式）,7173.T,2026-10-06,1663100,1740.0,2893794000,1739012200,2065669345,20
2026-10-06,449,5393,ニチアス,プライム（内国株式）,5393.T,2026-10-06,477800,3702.0,1768815600,1724525400,1614917020,20
2026-10-06,450,9744,メイテックグループホールディングス,プライム（内国株式）,9744.T,2026-10-06,578200,3217.0,1860069400,1724032600,1844239545,20
2026-10-06,451,7278,エクセディ,プライム（内国株式）,7278.T,2026-10-06,178700,5750.0,1027525000,1721235500,1770283650,20
2026-10-06,452,8343,秋田銀行,プライム（内国株式）,8343.T,2026-10-06,792300,1992.0,1578261600,1718427000,2044916955,20
2026-10-06,453,4099,四国化成ホールディングス,プライム（内国株式）,4099.T,2026-10-06,993100,2595.0,2577094500,1714188900,1999631855,20
2026-10-06,454,2127,日本Ｍ＆Ａセンターホールディングス,プライム（内国株式）,2127.T,2026-10-06,1832900,614.2999877929688,1125950448,1712494706,2162116058,20
2026-10-06,455,8418,山口フィナンシャルグループ,プライム（内国株式）,8418.T,2026-10-06,629000,3604.0,2266916000,1707369700,2172517270,20
2026-10-06,456,618A,ＫＯＭＰＥＩＴＯ,グロース（内国株式）,618A.T,2026-10-06,391100,1925.0,752867500,1706184000,3071821933,15
2026-10-06,457,3923,ラクス,プライム（内国株式）,3923.T,2026-10-06,1117900,1047.0,1170441300,1697166500,1705593730,20
2026-10-06,458,4478,フリー,グロース（内国株式）,4478.T,2026-10-06,455600,3505.0,1596878000,1694196000,1740609650,20
2026-10-06,459,446A,ノースサンド,グロース（内国株式）,446A.T,2026-10-06,393000,2561.0,1006473000,1692132300,1821097495,20
2026-10-06,460,6592,マブチモーター,プライム（内国株式）,6592.T,2026-10-06,1200600,1781.0,2138268600,1685286950,1786079028,20
2026-10-06,461,5985,サンコール,スタンダード（内国株式）,5985.T,2026-10-06,984100,2713.0,2669863300,1669584600,1642487655,20
2026-10-06,462,4373,シンプレクス・ホールディングス,プライム（内国株式）,4373.T,2026-10-06,1249400,1162.0,1451802800,1667110600,1936608890,20
2026-10-06,463,3498,霞ヶ関キャピタル,プライム（内国株式）,3498.T,2026-10-06,1236400,7080.0,8753712000,1648209000,2268432550,20
2026-10-06,464,5444,大和工業,プライム（内国株式）,5444.T,2026-10-06,202800,12560.0,2547168000,1648055000,1821291500,20
2026-10-06,465,4912,ライオン,プライム（内国株式）,4912.T,2026-10-06,801900,1739.0,1394504100,1646429000,1806831665,20
2026-10-06,466,9048,名古屋鉄道,プライム（内国株式）,9048.T,2026-10-06,625900,1829.5,1145084050,1645104550,2449410795,20
2026-10-06,467,9065,山九,プライム（内国株式）,9065.T,2026-10-06,762000,1586.5,1208913000,1642044000,1845890703,20
2026-10-06,468,9404,日本テレビホールディングス,プライム（内国株式）,9404.T,2026-10-06,560200,2857.0,1600491400,1638593475,1922781932,20
2026-10-06,469,6925,ウシオ電機,プライム（内国株式）,6925.T,2026-10-06,317900,4373.0,1390176700,1634913000,1637795845,20
2026-10-06,470,6703,沖電気工業,プライム（内国株式）,6703.T,2026-10-06,441700,2752.0,1215558400,1634536950,1702600210,20
2026-10-06,471,8439,東京センチュリー,プライム（内国株式）,8439.T,2026-10-06,1022500,2642.0,2701445000,1627139750,1740402538,20
2026-10-06,472,8282,ケーズホールディングス,プライム（内国株式）,8282.T,2026-10-06,1000400,1720.0,1720688000,1617424875,2160580138,20
2026-10-06,473,6135,牧野フライス製作所,プライム（内国株式）,6135.T,2026-10-06,708200,3310.0,2344142000,1605234000,1819838075,20
2026-10-06,474,8361,大垣共立銀行,プライム（内国株式）,8361.T,2026-10-06,931000,1925.0,1792175000,1602950750,1625268080,20
2026-10-06,475,5832,ちゅうぎんフィナンシャルグループ,プライム（内国株式）,5832.T,2026-10-06,369700,3857.0,1425932900,1596474000,1570990550,20
2026-10-06,476,6254,野村マイクロ・サイエンス,プライム（内国株式）,6254.T,2026-10-06,577300,3775.0,2179307500,1575576500,1685364900,20
2026-10-06,477,4922,コーセーホールディングス,プライム（内国株式）,4922.T,2026-10-06,289100,5341.0,1544083100,1569918800,1608106480,20
2026-10-06,478,7337,ひろぎんホールディングス,プライム（内国株式）,7337.T,2026-10-06,642500,2434.5,1564166250,1564137525,1590149875,20
2026-10-06,479,6101,ツガミ,プライム（内国株式）,6101.T,2026-10-06,268600,5860.0,1573996000,1561928750,1522479600,20
2026-10-06,480,2809,キユーピー,プライム（内国株式）,2809.T,2026-10-06,485800,4300.0,2088940000,1557933250,1910862410,20
2026-10-06,481,5253,カバー,グロース（内国株式）,5253.T,2026-10-06,810300,1532.0,1241379600,1547709600,2355916075,20
2026-10-06,482,5901,東洋製罐グループホールディングス,プライム（内国株式）,5901.T,2026-10-06,331900,4456.0,1478946400,1539998200,1855427605,20
2026-10-06,483,464A,ＱＰＳホールディングス,グロース（内国株式）,464A.T,2026-10-06,935800,1633.0,1528161400,1523632700,1615984855,20
2026-10-06,484,9364,上組,プライム（内国株式）,9364.T,2026-10-06,355700,4697.0,1670722900,1512555250,1589197070,20
2026-10-06,485,5032,ＡＮＹＣＯＬＯＲ,プライム（内国株式）,5032.T,2026-10-06,349400,3055.0,1067417000,1510052000,2198950910,20
2026-10-06,486,3774,インターネットイニシアティブ,プライム（内国株式）,3774.T,2026-10-06,410200,3501.0,1436110200,1504423500,1503101315,20
2026-10-06,487,2670,エービーシー・マート,プライム（内国株式）,2670.T,2026-10-06,971300,2786.0,2706041800,1495667300,1572177995,20
2026-10-06,488,1515,日鉄鉱業,プライム（内国株式）,1515.T,2026-10-06,395900,3165.0,1253023500,1479912000,1940252225,20
2026-10-06,489,4202,ダイセル,プライム（内国株式）,4202.T,2026-10-06,1054800,1455.0,1534734000,1474456925,1499118568,20
2026-10-06,490,2782,セリア,スタンダード（内国株式）,2782.T,2026-10-06,840900,4270.0,3590643000,1473859500,1756230550,20
2026-10-06,491,7380,十六フィナンシャルグループ,プライム（内国株式）,7380.T,2026-10-06,564100,2936.0,1656197600,1464234250,1590792635,20
2026-10-06,492,6923,スタンレー電気,プライム（内国株式）,6923.T,2026-10-06,464600,3545.0,1647007000,1464054400,1629060220,20
2026-10-06,493,9008,京王電鉄,プライム（内国株式）,9008.T,2026-10-06,1371500,746.7000122070312,1024099067,1460965552,2026146595,20
2026-10-06,494,4626,太陽ホールディングス,プライム（内国株式）,4626.T,2026-10-06,287700,4791.0,1378370700,1450068000,1574218815,20
2026-10-06,495,8088,岩谷産業,プライム（内国株式）,8088.T,2026-10-06,376400,2000.0,752800000,1446500875,1448686445,20
2026-10-06,496,4967,小林製薬,プライム（内国株式）,4967.T,2026-10-06,213600,7029.0,1501394400,1443937200,2254226990,20
2026-10-06,497,4369,トリケミカル研究所,プライム（内国株式）,4369.T,2026-10-06,503200,3420.0,1720944000,1438534200,1500415230,20
2026-10-06,498,3397,トリドールホールディングス,プライム（内国株式）,3397.T,2026-10-06,347200,4117.0,1429422400,1435400650,1690273310,20
2026-10-06,499,1980,ダイダン,プライム（内国株式）,1980.T,2026-10-06,475700,3040.0,1446128000,1426288700,1451959545,20
2026-10-06,500,9468,ＫＡＤＯＫＡＷＡ,プライム（内国株式）,9468.T,2026-10-06,440600,3669.0,1616561400,1412939900,1553140080,20
2026-10-06,501,1719,安藤・間,プライム（内国株式）,1719.T,2026-10-06,795100,1753.0,1393810300,1411747425,1419065675,20
2026-10-06,502,8387,四国銀行,プライム（内国株式）,8387.T,2026-10-06,332800,4805.0,1599104000,1405832250,1375900925,20
2026-10-06,503,2331,ＡＬＳＯＫ,プライム（内国株式）,2331.T,2026-10-06,884000,1159.0,1024556000,1401542325,1511288958,20
2026-10-06,504,8410,セブン銀行,プライム（内国株式）,8410.T,2026-10-06,4138700,340.3999938964844,1408813455,1398805127,1347492734,20
2026-10-06,505,456A,ＨＵＭＡＮ　ＭＡＤＥ,グロース（内国株式）,456A.T,2026-10-06,1123900,2140.0,2405146000,1398368400,1820386630,20
2026-10-06,506,9006,京浜急行電鉄,プライム（内国株式）,9006.T,2026-10-06,973200,1512.0,1471478400,1394208700,1612817690,20
2026-10-06,507,3941,レンゴー,プライム（内国株式）,3941.T,2026-10-06,961400,1513.0,1454598200,1390947775,1417529718,20
2026-10-06,508,9301,三菱倉庫,プライム（内国株式）,9301.T,2026-10-06,941100,1464.5,1378240950,1387110150,1475379410,20
2026-10-06,509,8388,阿波銀行,プライム（内国株式）,8388.T,2026-10-06,703100,2315.0,1627676500,1382251250,1441255445,20
2026-10-06,510,7806,ＭＴＧ,グロース（内国株式）,7806.T,2026-10-06,266200,9380.0,2496956000,1375885500,1630560450,20
2026-10-06,511,6376,日機装,プライム（内国株式）,6376.T,2026-10-06,334200,3905.0,1305051000,1360864500,1435115225,20
2026-10-06,512,6632,ＪＶＣケンウッド,プライム（内国株式）,6632.T,2026-10-06,1303500,1023.0,1333480500,1347671076,1358025785,20
2026-10-06,513,7459,メディパルホールディングス,プライム（内国株式）,7459.T,2026-10-06,325900,2956.5,963523350,1341076600,1767432645,20
2026-10-06,514,4516,日本新薬,プライム（内国株式）,4516.T,2026-10-06,330700,3366.0,1113136200,1337133450,1489015375,20
2026-10-06,515,4816,東映アニメーション,スタンダード（内国株式）,4816.T,2026-10-06,479400,2903.0,1391698200,1328680100,1282777580,20
2026-10-06,516,6961,エンプラス,プライム（内国株式）,6961.T,2026-10-06,201000,11600.0,2331600000,1319550000,1340820550,20
2026-10-06,517,8020,兼松,プライム（内国株式）,8020.T,2026-10-06,545800,2271.0,1239511800,1319121500,1444999120,20
2026-10-06,518,5726,大阪チタニウムテクノロジーズ,プライム（内国株式）,5726.T,2026-10-06,395200,2412.0,953222400,1309713600,1579289270,20
2026-10-06,519,4565,ネクセラファーマ,プライム（内国株式）,4565.T,2026-10-06,714600,1224.0,874670400,1294647250,1388828185,20
2026-10-06,520,6432,竹内製作所,プライム（内国株式）,6432.T,2026-10-06,130700,7530.0,984171000,1284991000,1357487400,20
2026-10-06,521,1959,クラフティア,プライム（内国株式）,1959.T,2026-10-06,140500,8002.0,1124281000,1283860950,1370261955,20
2026-10-06,522,8345,岩手銀行,プライム（内国株式）,8345.T,2026-10-06,594400,2779.0,1651837600,1282390050,1267276995,20
2026-10-06,523,4722,フューチャー,プライム（内国株式）,4722.T,2026-10-06,140400,2426.0,340610400,1266181900,1594289825,20
2026-10-06,524,8338,筑波銀行,プライム（内国株式）,8338.T,2026-10-06,2203700,860.0,1895182000,1265204950,1453733220,20
2026-10-06,525,3635,コーエーテクモホールディングス,プライム（内国株式）,3635.T,2026-10-06,824800,1638.0,1351022400,1259577150,1395859620,20
2026-10-06,526,6055,ジャパンマテリアル,プライム（内国株式）,6055.T,2026-10-06,397300,2406.0,955903800,1247653450,1267321115,20
2026-10-06,527,290A,Ｓｙｎｓｐｅｃｔｉｖｅ,グロース（内国株式）,290A.T,2026-10-06,931200,1481.0,1379107200,1237840750,1364530250,20
2026-10-06,528,6016,ジャパンエンジンコーポレーション,スタンダード（内国株式）,6016.T,2026-10-06,150900,12500.0,1886250000,1232062000,1365412250,20
2026-10-06,529,3116,トヨタ紡織,プライム（内国株式）,3116.T,2026-10-06,374900,2172.0,814282800,1231346300,1205031178,20
2026-10-06,530,4047,関東電化工業,プライム（内国株式）,4047.T,2026-10-06,406500,2592.0,1053648000,1229517300,1468522650,20
2026-10-06,531,1961,三機工業,プライム（内国株式）,1961.T,2026-10-06,612600,2634.0,1613588400,1227699300,1227394325,20
2026-10-06,532,6027,弁護士ドットコム,プライム（内国株式）,6027.T,2026-10-06,201600,5090.0,1026144000,1219971500,1306643975,20
2026-10-06,533,9861,吉野家ホールディングス,プライム（内国株式）,9861.T,2026-10-06,264100,3675.0,970567500,1217582650,1279464050,20
2026-10-06,534,1414,ショーボンドホールディングス,プライム（内国株式）,1414.T,2026-10-06,1722200,1222.5,2105389500,1205910200,1467347500,20
2026-10-06,535,7988,ニフコ,プライム（内国株式）,7988.T,2026-10-06,403800,2429.0,980830200,1193863550,1228687645,20
2026-10-06,536,6946,日本アビオニクス,スタンダード（内国株式）,6946.T,2026-10-06,93500,7340.0,686290000,1178923500,1364900650,20
2026-10-06,537,6523,ＰＨＣホールディングス,プライム（内国株式）,6523.T,2026-10-06,1523700,1600.0,2437920000,1174629000,2044111275,20
2026-10-06,538,7685,ＢｕｙＳｅｌｌ　Ｔｅｃｈｎｏｌｏｇｉｅｓ,グロース（内国株式）,7685.T,2026-10-06,502700,2812.0,1413592400,1173146900,1281965435,20
2026-10-06,539,9044,ＮＡＮＫＡＩ,プライム（内国株式）,9044.T,2026-10-06,303000,3000.0,909000000,1172954850,2120662542,20
2026-10-06,540,2726,パルグループホールディングス,プライム（内国株式）,2726.T,2026-10-06,855700,1397.0,1195412900,1168103200,1291238345,20
2026-10-06,541,4733,オービックビジネスコンサルタント,プライム（内国株式）,4733.T,2026-10-06,199900,8418.0,1682758200,1166956000,1358674535,20
2026-10-06,542,3549,クスリのアオキホールディングス,スタンダード（内国株式）,3549.T,2026-10-06,514500,4202.0,2161929000,1166686500,1636356170,20
2026-10-06,543,6862,ミナトホールディングス,スタンダード（内国株式）,6862.T,2026-10-06,135200,5260.0,711152000,1155970000,1443259000,20
2026-10-06,544,6005,三浦工業,プライム（内国株式）,6005.T,2026-10-06,305300,3045.0,929638500,1155523500,1269111930,20
2026-10-06,545,8876,リログループ,プライム（内国株式）,8876.T,2026-10-06,508100,2339.5,1188699950,1148143275,1253192082,20
2026-10-06,546,4023,クレハ,プライム（内国株式）,4023.T,2026-10-06,202500,3955.0,800887500,1140566000,1381142975,20
2026-10-06,547,9505,北陸電力,プライム（内国株式）,9505.T,2026-10-06,991000,1068.0,1058388000,1139880350,1231453950,20
2026-10-06,548,2121,ＭＩＸＩ,プライム（内国株式）,2121.T,2026-10-06,244800,3730.0,913104000,1139522500,1131139375,20
2026-10-06,549,4401,ＡＤＥＫＡ,プライム（内国株式）,4401.T,2026-10-06,258800,4804.0,1243275200,1138494400,1184290385,20
2026-10-06,550,219A,Ｈｅａｒｔｓｅｅｄ,グロース（内国株式）,219A.T,2026-10-06,750600,2800.0,2101680000,1136045000,1153643460,20
2026-10-06,551,6191,エアトリ,プライム（内国株式）,6191.T,2026-10-06,431600,1460.0,630136000,1132900550,1837470310,20
2026-10-06,552,8346,東邦銀行,プライム（内国株式）,8346.T,2026-10-06,1008300,1153.0,1162569900,1127691350,1328553450,20
2026-10-06,553,4022,ラサ工業,プライム（内国株式）,4022.T,2026-10-06,519900,2159.0,1122464100,1127226150,1299716250,20
2026-10-06,554,2607,不二製油,プライム（内国株式）,2607.T,2026-10-06,232100,4306.0,999422600,1126412850,1192171015,20
2026-10-06,555,3291,飯田グループホールディングス,プライム（内国株式）,3291.T,2026-10-06,695600,2119.0,1473976400,1125215625,1208293398,20
2026-10-06,556,6366,千代田化工建設,スタンダード（内国株式）,6366.T,2026-10-06,1404900,675.0,948307500,1121064950,1158217695,20
2026-10-06,557,6387,サムコ,プライム（内国株式）,6387.T,2026-10-06,114900,9720.0,1116828000,1119992000,1310349000,20
2026-10-06,558,6875,メガチップス,プライム（内国株式）,6875.T,2026-10-06,98900,11340.0,1121526000,1117177500,1104564450,20
2026-10-06,559,2433,博報堂ＤＹホールディングス,プライム（内国株式）,2433.T,2026-10-06,578300,1289.5,745717850,1116486475,1137196580,20
2026-10-06,560,3107,ダイワボウホールディングス,プライム（内国株式）,3107.T,2026-10-06,264800,3636.0,962812800,1115916150,1296924090,20
2026-10-06,561,5463,丸一鋼管,プライム（内国株式）,5463.T,2026-10-06,501300,1714.5,859478850,1112648700,1123882725,20
2026-10-06,562,8344,山形銀行,プライム（内国株式）,8344.T,2026-10-06,207500,5790.0,1201425000,1111519500,1155754675,20
2026-10-06,563,4118,カネカ,プライム（内国株式）,4118.T,2026-10-06,133200,6085.0,810522000,1106402450,1135276295,20
2026-10-06,564,1951,エクシオグループ,プライム（内国株式）,1951.T,2026-10-06,425200,2552.5,1085323000,1096870650,1175268645,20
2026-10-06,565,8060,キヤノンマーケティングジャパン,プライム（内国株式）,8060.T,2026-10-06,196300,3739.0,733965700,1092590850,1101901410,20
2026-10-06,566,5947,リンナイ,プライム（内国株式）,5947.T,2026-10-06,281200,3362.0,945394400,1088363500,1139107640,20
2026-10-06,567,2784,アルフレッサ　ホールディングス,プライム（内国株式）,2784.T,2026-10-06,335800,2245.0,753871000,1087329375,1068836382,20
2026-10-06,568,8086,ニプロ,プライム（内国株式）,8086.T,2026-10-06,809700,1332.5,1078925250,1082161050,1208281625,20
2026-10-06,569,6480,日本トムソン,プライム（内国株式）,6480.T,2026-10-06,517200,1946.0,1006471200,1077669750,1126222035,20
2026-10-06,570,6849,日本光電工業,プライム（内国株式）,6849.T,2026-10-06,469300,1613.0,756980900,1076479300,1212345948,20
2026-10-06,571,1860,戸田建設,プライム（内国株式）,1860.T,2026-10-06,808800,1363.0,1102394400,1073792700,1097045680,20
2026-10-06,572,8628,松井証券,プライム（内国株式）,8628.T,2026-10-06,850400,1132.0,962652800,1063858250,1351996600,20
2026-10-06,573,7906,ヨネックス,スタンダード（内国株式）,7906.T,2026-10-06,439800,2387.0,1049802600,1062574800,1085840300,20
2026-10-06,574,7616,コロワイド,プライム（内国株式）,7616.T,2026-10-06,464400,1967.5,913707000,1060427000,1339552432,20
2026-10-06,575,6136,オーエスジー,プライム（内国株式）,6136.T,2026-10-06,265700,3785.0,1005674500,1059711900,1174032460,20
2026-10-06,576,4667,アイサンテクノロジー,スタンダード（内国株式）,4667.T,2026-10-06,358200,1093.0,391512600,1058893980,2385128548,20
2026-10-06,577,6490,ＰＩＬＬＡＲ,プライム（内国株式）,6490.T,2026-10-06,173700,12400.0,2153880000,1058191000,1206646250,20
2026-10-06,578,2767,円谷フィールズホールディングス,プライム（内国株式）,2767.T,2026-10-06,434300,2421.0,1051440300,1050985350,1081785800,20
2026-10-06,579,9449,ＧＭＯインターネットグループ,プライム（内国株式）,9449.T,2026-10-06,377200,3957.0,1492580400,1049442300,1103028750,20
2026-10-06,580,603A,アイ・グリッド・ソリューションズ,グロース（内国株式）,603A.T,2026-10-06,825400,1030.0,850162000,1043364200,1936802200,20
2026-10-06,581,3664,ＷＩＺＥ,グロース（内国株式）,3664.T,2026-10-06,57404900,23.0,1320312700,1037465300,990512650,20
2026-10-06,582,6627,テラプローブ,スタンダード（内国株式）,6627.T,2026-10-06,615900,2625.0,1616737500,1034929500,1154557850,20
2026-10-06,583,3445,ＲＳ　Ｔｅｃｈｎｏｌｏｇｉｅｓ,プライム（内国株式）,3445.T,2026-10-06,93800,6620.0,620956000,1034394000,1057777100,20
2026-10-06,584,1861,熊谷組,プライム（内国株式）,1861.T,2026-10-06,674900,1228.0,828777200,1030990850,1100373675,20
2026-10-06,585,4272,日本化薬,プライム（内国株式）,4272.T,2026-10-06,572200,2136.0,1222219200,1029298600,1321162272,20
2026-10-06,586,8111,ゴールドウイン,プライム（内国株式）,8111.T,2026-10-06,311800,2106.5,656806700,1027260500,1123111102,20
2026-10-06,587,6436,アマノ,プライム（内国株式）,6436.T,2026-10-06,291200,3755.0,1093456000,1025139500,1096771955,20
2026-10-06,588,6524,湖北工業,スタンダード（内国株式）,6524.T,2026-10-06,228200,5970.0,1362354000,1023838000,1252055400,20
2026-10-06,589,2371,カカクコム,プライム（内国株式）,2371.T,2026-10-06,265300,3791.0,1005752300,1021687900,1087063120,20
2026-10-06,590,6472,ＮＴＮ,プライム（内国株式）,6472.T,2026-10-06,2598700,388.79998779296875,1010374528,1019408376,1142345012,20
2026-10-06,591,4887,サワイグループホールディングス,プライム（内国株式）,4887.T,2026-10-06,527600,1634.5,862362200,1015538775,1155932222,20
2026-10-06,592,3401,帝人,プライム（内国株式）,3401.T,2026-10-06,503900,1659.5,836222050,1012453575,1064294315,20
2026-10-06,593,8362,福井銀行,プライム（内国株式）,8362.T,2026-10-06,144800,8590.0,1243832000,1007218000,1106224300,20
2026-10-06,594,8381,山陰合同銀行,プライム（内国株式）,8381.T,2026-10-06,621900,2647.0,1646169300,1006510800,1127942500,20
2026-10-06,595,5232,住友大阪セメント,プライム（内国株式）,5232.T,2026-10-06,576600,1908.0,1100152800,1005522611,1051957725,20
2026-10-06,596,8714,池田泉州ホールディングス,プライム（内国株式）,8714.T,2026-10-06,1797300,1170.0,2102841000,1004640500,1168489960,20
2026-10-06,597,3046,ジンズホールディングス,プライム（内国株式）,3046.T,2026-10-06,173800,5750.0,999350000,997340000,1164640250,20
2026-10-06,598,8698,マネックスグループ,プライム（内国株式）,8698.T,2026-10-06,972800,690.0,671232000,994006850,1012010950,20
2026-10-06,599,3687,フィックスターズ,プライム（内国株式）,3687.T,2026-10-06,520600,2247.0,1169788200,993884850,1206056220,20
2026-10-06,600,5384,フジミインコーポレーテッド,プライム（内国株式）,5384.T,2026-10-06,274800,3745.0,1029126000,992154500,999932175,20
2026-10-06,601,7148,ＦＰＧ,プライム（内国株式）,7148.T,2026-10-06,381800,1595.0,608971000,991581600,1056091675,20
2026-10-06,602,6544,ジャパンエレベーターサービスホールディングス,プライム（内国株式）,6544.T,2026-10-06,558100,1485.0,828778500,984759400,1001360922,20
2026-10-06,603,8360,山梨中央銀行,プライム（内国株式）,8360.T,2026-10-06,756500,1594.0,1205861000,984633500,1047123110,20
2026-10-06,604,2593,伊藤園,プライム（内国株式）,2593.T,2026-10-06,270700,3065.0,829695500,972182250,1212306645,20
2026-10-06,605,2810,ハウス食品グループ本社,プライム（内国株式）,2810.T,2026-10-06,248200,4037.0,1001983400,968485900,1068129830,20
2026-10-06,606,3097,物語コーポレーション,プライム（内国株式）,3097.T,2026-10-06,631400,5320.0,3359048000,968211000,1068944150,20
2026-10-06,607,8616,東海東京フィナンシャル・ホールディングス,プライム（内国株式）,8616.T,2026-10-06,1435100,901.0,1293025100,965079600,1041764410,20
2026-10-06,608,7322,三十三フィナンシャルグループ,プライム（内国株式）,7322.T,2026-10-06,271600,2296.0,623593600,959841150,1064082595,20
2026-10-06,609,8393,宮崎銀行,プライム（内国株式）,8393.T,2026-10-06,366000,3040.0,1112640000,959649000,929316080,20
2026-10-06,610,7164,全国保証,プライム（内国株式）,7164.T,2026-10-06,396300,3023.0,1198014900,952656900,975177745,20
2026-10-06,611,4475,ＨＥＮＮＧＥ,グロース（内国株式）,4475.T,2026-10-06,1760600,1794.0,3158516400,950452500,1220137230,20
2026-10-06,612,9072,ニッコンホールディングス,プライム（内国株式）,9072.T,2026-10-06,319100,4745.0,1514129500,947894400,1367828505,20
2026-10-06,613,9987,スズケン,プライム（内国株式）,9987.T,2026-10-06,273500,2611.0,714108500,947170200,968847792,20
2026-10-06,614,4966,上村工業,スタンダード（内国株式）,4966.T,2026-10-06,118500,22120.0,2621220000,946331500,1044637200,20
2026-10-06,615,8242,エイチ・ツー・オー　リテイリング,プライム（内国株式）,8242.T,2026-10-06,408400,2800.0,1143520000,946200900,1051971728,20
2026-10-06,616,6707,サンケン電気,プライム（内国株式）,6707.T,2026-10-06,180500,7162.0,1292741000,942452850,1035388820,20
2026-10-06,617,4206,アイカ工業,プライム（内国株式）,4206.T,2026-10-06,345200,4311.0,1488157200,940655550,1059217910,20
2026-10-06,618,8570,イオンフィナンシャルサービス,プライム（内国株式）,8570.T,2026-10-06,598600,1506.5,901790900,938106425,952753338,20
2026-10-06,619,3653,モルフォ,グロース（内国株式）,3653.T,2026-10-06,329100,985.0,324163500,931501900,2687234670,20
2026-10-06,620,8174,日本瓦斯,プライム（内国株式）,8174.T,2026-10-06,1008300,941.0,948810300,927417350,933162105,20
2026-10-06,621,247A,Ａｉロボティクス,グロース（内国株式）,247A.T,2026-10-06,1451100,925.0,1342267500,925536800,995686930,20
2026-10-06,622,4483,ＪＭＤＣ,プライム（内国株式）,4483.T,2026-10-06,263200,3730.0,981736000,922056000,1002821125,20
2026-10-06,623,8386,百十四銀行,プライム（内国株式）,8386.T,2026-10-06,243000,3335.0,810405000,921390750,948949800,20
2026-10-06,624,8544,京葉銀行,プライム（内国株式）,8544.T,2026-10-06,368400,3045.0,1121778000,916503200,927871175,20
2026-10-06,625,1833,奥村組,プライム（内国株式）,1833.T,2026-10-06,98100,5330.0,522873000,916391000,914110300,20
2026-10-06,626,2146,ＵＴグループ,プライム（内国株式）,2146.T,2026-10-06,2642700,241.0,636890700,915327150,932180115,20
2026-10-06,627,4413,ボードルア,プライム（内国株式）,4413.T,2026-10-06,144200,2985.0,430437000,912060900,941341770,20
2026-10-06,628,2206,江崎グリコ,プライム（内国株式）,2206.T,2026-10-06,203700,5028.0,1024203600,908251000,985541855,20
2026-10-06,629,7599,ＩＤＯＭ,プライム（内国株式）,7599.T,2026-10-06,823300,1165.0,959144500,906702950,926872695,20
2026-10-06,630,8022,美津濃,プライム（内国株式）,8022.T,2026-10-06,245500,4255.0,1044602500,903863500,1000396725,20
2026-10-06,631,9076,セイノーホールディングス,プライム（内国株式）,9076.T,2026-10-06,378300,2595.5,981877650,902042300,963216175,20
2026-10-06,632,7004,カナデビア,プライム（内国株式）,7004.T,2026-10-06,595600,1161.0,691491600,900170000,1337473195,20
2026-10-06,633,2327,日鉄ソリューションズ,プライム（内国株式）,2327.T,2026-10-06,198800,3773.0,750072400,898087200,1271399620,20
2026-10-06,634,8012,長瀬産業,プライム（内国株式）,8012.T,2026-10-06,929400,1203.5,1118532900,897683200,1000201958,20
2026-10-06,635,9533,東邦瓦斯,プライム（内国株式）,9533.T,2026-10-06,565400,1243.0,702792200,893635725,1039811632,20
2026-10-06,636,8424,芙蓉総合リース,プライム（内国株式）,8424.T,2026-10-06,183700,4265.0,783480500,892116600,921956060,20
2026-10-06,637,319A,技術承継機構,グロース（内国株式）,319A.T,2026-10-06,44900,22800.0,1023720000,890000000,837799300,20
2026-10-06,638,7552,ハピネット,プライム（内国株式）,7552.T,2026-10-06,380700,5080.0,1933956000,888991500,1557002325,20
2026-10-06,639,9045,京阪ホールディングス,プライム（内国株式）,9045.T,2026-10-06,238600,3110.0,742046000,888306800,1011910635,20
2026-10-06,640,8522,名古屋銀行,プライム（内国株式）,8522.T,2026-10-06,110800,7250.0,803300000,886871500,879824900,20
2026-10-06,641,6264,マルマエ,プライム（内国株式）,6264.T,2026-10-06,412600,2234.0,921748400,880625800,920032190,20
2026-10-06,642,6999,ＫＯＡ,プライム（内国株式）,6999.T,2026-10-06,520100,2571.0,1337177100,879635000,906635400,20
2026-10-06,643,6258,平田機工,プライム（内国株式）,6258.T,2026-10-06,381000,4225.0,1609725000,879547000,1021414325,20
2026-10-06,644,7777,スリー・ディー・マトリックス,グロース（内国株式）,7777.T,2026-10-06,2001700,434.0,868737800,879417400,1285171765,20
2026-10-06,645,8367,南都銀行,プライム（内国株式）,8367.T,2026-10-06,262400,2080.0,545792000,877824850,865932180,20
2026-10-06,646,6232,ＡＣＳＬ,グロース（内国株式）,6232.T,2026-10-06,425400,1300.0,553020000,875891400,1238577445,20
2026-10-06,647,9110,ＮＳユナイテッド海運,プライム（内国株式）,9110.T,2026-10-06,32200,10510.0,338422000,875284500,932088600,20
2026-10-06,648,7717,ブイ・テクノロジー,プライム（内国株式）,7717.T,2026-10-06,187000,6960.0,1301520000,871148000,1055597150,20
2026-10-06,649,4392,ＦＩＧ,プライム（内国株式）,4392.T,2026-10-06,405400,913.0,370130200,870870000,1047873830,20
2026-10-06,650,9409,テレビ朝日ホールディングス,プライム（内国株式）,9409.T,2026-10-06,276200,3000.0,828600000,865545000,898083490,20
2026-10-06,651,3048,ビックカメラ,プライム（内国株式）,3048.T,2026-10-06,571600,1665.5,951999800,864941900,1014198368,20
2026-10-06,652,4259,エクサウィザーズ,グロース（内国株式）,4259.T,2026-10-06,1430700,836.0,1196065200,845388300,996381380,20
2026-10-06,653,6058,ベクトル,プライム（内国株式）,6058.T,2026-10-06,447500,1973.0,882917500,844336100,893909150,20
2026-10-06,654,2201,森永製菓,プライム（内国株式）,2201.T,2026-10-06,323900,2369.5,767481050,840486600,879807052,20
2026-10-06,655,6457,グローリー,プライム（内国株式）,6457.T,2026-10-06,231500,4557.0,1054945500,840276900,856290520,20
2026-10-06,656,1885,東亜建設工業,プライム（内国株式）,1885.T,2026-10-06,442700,2075.0,918602500,839922250,855544285,20
2026-10-06,657,1407,ウエストホールディングス,スタンダード（内国株式）,1407.T,2026-10-06,241400,2228.0,537839200,836595450,831532390,20
2026-10-06,658,2229,カルビー,プライム（内国株式）,2229.T,2026-10-06,185700,3024.0,561556800,830508950,857653905,20
2026-10-06,659,6960,フクダ電子,スタンダード（内国株式）,6960.T,2026-10-06,101600,11760.0,1194816000,829732000,824300450,20
2026-10-06,660,9069,センコーグループホールディングス,プライム（内国株式）,9069.T,2026-10-06,334900,2335.0,781991500,828293600,830422488,20
2026-10-06,661,9003,相鉄ホールディングス,プライム（内国株式）,9003.T,2026-10-06,327000,2474.0,808998000,818616000,1403434505,20
2026-10-06,662,2585,ライフドリンク　カンパニー,プライム（内国株式）,2585.T,2026-10-06,360500,1313.0,473336500,814510000,800471915,20
2026-10-06,663,9936,王将フードサービス,プライム（内国株式）,9936.T,2026-10-06,240300,2858.0,686777400,808810000,938558625,20
2026-10-06,664,5243,ｎｏｔｅ,グロース（内国株式）,5243.T,2026-10-06,657700,3850.0,2532145000,806965950,1404095190,20
2026-10-06,665,6104,芝浦機械,プライム（内国株式）,6104.T,2026-10-06,173100,5060.0,875886000,800224500,866174350,20
2026-10-06,666,8078,阪和興業,プライム（内国株式）,8078.T,2026-10-06,347800,1853.0,644473400,798459800,866221715,20
2026-10-06,667,6235,オプトラン,プライム（内国株式）,6235.T,2026-10-06,445900,2911.0,1298014900,798128700,840245770,20
2026-10-06,668,8550,栃木銀行,プライム（内国株式）,8550.T,2026-10-06,797000,1229.0,979513000,793385550,815798880,20
2026-10-06,669,8370,紀陽銀行,プライム（内国株式）,8370.T,2026-10-06,391700,1803.0,706235100,789432009,848097119,20
2026-10-06,670,1820,西松建設,プライム（内国株式）,1820.T,2026-10-06,130900,5209.0,681858100,771901950,763145375,20
2026-10-06,671,4082,第一稀元素化学工業,プライム（内国株式）,4082.T,2026-10-06,288600,2176.0,627993600,769362200,981672640,20
2026-10-06,672,2730,エディオン,プライム（内国株式）,2730.T,2026-10-06,214300,2425.0,519677500,765811450,748633255,20
2026-10-06,673,6768,タムラ製作所,プライム（内国株式）,6768.T,2026-10-06,699700,991.0,693402700,763465200,914279575,20
2026-10-06,674,7984,コクヨ,プライム（内国株式）,7984.T,2026-10-06,493400,853.2999877929688,421018214,760066075,777678829,20
2026-10-06,675,6085,アーキテクツ・スタジオ・ジャパン,グロース（内国株式）,6085.T,2026-10-06,8527500,102.0,869805000,757353600,850784070,20
2026-10-06,676,8117,中央自動車工業,スタンダード（内国株式）,8117.T,2026-10-06,363000,2146.0,778998000,756091100,1258321795,20
2026-10-06,677,2175,エス・エム・エス,プライム（内国株式）,2175.T,2026-10-06,257100,2613.0,671802300,753528900,917960935,20
2026-10-06,678,4544,Ｈ．Ｕ．グループホールディングス,プライム（内国株式）,4544.T,2026-10-06,191600,3574.0,684778400,753371650,716729555,20
2026-10-06,679,4587,ペプチドリーム,プライム（内国株式）,4587.T,2026-10-06,734400,1058.5,777362400,752294700,790324718,20
2026-10-06,680,9722,藤田観光,プライム（内国株式）,9722.T,2026-10-06,221300,3150.0,697095000,750181250,853843225,20
2026-10-06,681,4681,リゾートトラスト,プライム（内国株式）,4681.T,2026-10-06,378100,1730.5,654302050,749988275,764288430,20
2026-10-06,682,5715,古河機械金属,プライム（内国株式）,5715.T,2026-10-06,179500,4055.0,727872500,748853000,822081425,20
2026-10-06,683,8336,武蔵野銀行,プライム（内国株式）,8336.T,2026-10-06,270900,3015.0,816763500,748120000,761245000,20
2026-10-06,684,9759,ＮＳＤ,プライム（内国株式）,9759.T,2026-10-06,202600,2961.5,599999900,742098050,979410392,20
2026-10-06,685,7716,ナカニシ,スタンダード（内国株式）,7716.T,2026-10-06,755000,1538.0,1161190000,740678800,791344310,20
2026-10-06,686,5703,日本軽金属ホールディングス,プライム（内国株式）,5703.T,2026-10-06,126300,2864.0,361723200,738478100,689535105,20
2026-10-06,687,8153,モスフードサービス,プライム（内国株式）,8153.T,2026-10-06,93000,3785.0,352005000,735703000,906387425,20
2026-10-06,688,2811,カゴメ,プライム（内国株式）,2811.T,2026-10-06,170900,2634.0,450150600,732815700,907531155,20
2026-10-06,689,9418,Ｕ－ＮＥＸＴ　ＨＯＬＤＩＮＧＳ,プライム（内国株式）,9418.T,2026-10-06,305500,1772.0,541346000,732168400,787539765,20
2026-10-06,690,8595,ジャフコ　グループ,プライム（内国株式）,8595.T,2026-10-06,322900,2209.5,713447550,726473175,850680428,20
2026-10-06,691,8425,みずほリース,プライム（内国株式）,8425.T,2026-10-06,445700,1286.0,573170200,720662400,753630375,20
2026-10-06,692,6266,タツモ,プライム（内国株式）,6266.T,2026-10-06,144400,4370.0,631028000,719596500,811958900,20
2026-10-06,693,9627,アインホールディングス,プライム（内国株式）,9627.T,2026-10-06,125700,5309.0,667341300,718576900,820239785,20
2026-10-06,694,1417,ミライト・ワン,プライム（内国株式）,1417.T,2026-10-06,179700,3458.0,621402600,713889150,771733350,20
2026-10-06,695,9166,ＧＥＮＤＡ,グロース（内国株式）,9166.T,2026-10-06,773400,639.0,494202600,713099950,786483500,20
2026-10-06,696,547A,ムニノバホールディングス,プライム（内国株式）,547A.T,2026-10-06,1245500,424.0,528092000,710562850,804813395,20
2026-10-06,697,8995,誠建設工業,スタンダード（内国株式）,8995.T,2026-10-06,139700,1950.0,272415000,708140850,955697330,20
2026-10-06,698,9436,沖縄セルラー電話,スタンダード（内国株式）,9436.T,2026-10-06,200600,4120.0,826472000,707895000,782889850,20
2026-10-06,699,9302,三井倉庫ホールディングス,プライム（内国株式）,9302.T,2026-10-06,146500,3275.0,479787500,706144150,778766055,20
2026-10-06,700,3891,ニッポン高度紙工業,スタンダード（内国株式）,3891.T,2026-10-06,139700,7740.0,1081278000,704575000,832656100,20
2026-10-06,701,8173,Ｊｏｓｈｉｎ,プライム（内国株式）,8173.T,2026-10-06,102300,4250.0,434775000,698894500,879478625,20
2026-10-06,702,8572,アコム,スタンダード（内国株式）,8572.T,2026-10-06,2143800,459.5,985076100,698088767,783901264,20
2026-10-06,703,9031,西日本鉄道,プライム（内国株式）,9031.T,2026-10-06,222400,2852.0,634284800,688297350,1119461382,20
2026-10-06,704,9279,ギフトホールディングス,プライム（内国株式）,9279.T,2026-10-06,244500,2126.0,519807000,688195000,688836525,20
2026-10-06,705,2962,テクニスコ,スタンダード（内国株式）,2962.T,2026-10-06,854200,3040.0,2596768000,687999400,1176386910,20
2026-10-06,706,3387,クリエイト・レストランツ・ホールディングス,プライム（内国株式）,3387.T,2026-10-06,717100,777.0,557186700,685930000,746157400,20
2026-10-06,707,3002,グンゼ,プライム（内国株式）,3002.T,2026-10-06,100800,4040.0,407232000,679047000,723535150,20
2026-10-06,708,6807,日本航空電子工業,プライム（内国株式）,6807.T,2026-10-06,469000,2778.0,1302882000,675134600,712914755,20
2026-10-06,709,3167,ＴＯＫＡＩホールディングス,プライム（内国株式）,3167.T,2026-10-06,323200,1331.0,430179200,674143100,840881080,20
2026-10-06,710,7456,松田産業,プライム（内国株式）,7456.T,2026-10-06,51900,6700.0,347730000,673977500,736489850,20
2026-10-06,711,7384,プロクレアホールディングス,プライム（内国株式）,7384.T,2026-10-06,179700,6000.0,1078200000,673265000,880774375,20
2026-10-06,712,3101,東洋紡,プライム（内国株式）,3101.T,2026-10-06,359000,1684.0,604556000,671793500,676859290,20
2026-10-06,713,6498,キッツ,プライム（内国株式）,6498.T,2026-10-06,233700,2136.0,499183200,669529100,654742955,20
2026-10-06,714,7846,パイロットコーポレーション,プライム（内国株式）,7846.T,2026-10-06,215600,2138.5,461060600,665138925,685832758,20
2026-10-06,715,7419,ノジマ,プライム（内国株式）,7419.T,2026-10-06,468800,1250.0,586000000,656358600,794311040,20
2026-10-06,716,6379,レイズネクスト,プライム（内国株式）,6379.T,2026-10-06,368900,962.0,354881800,654064786,693256760,20
2026-10-06,717,6522,アスタリスク,グロース（内国株式）,6522.T,2026-10-06,584200,1175.0,686435000,653750800,1437060760,20
2026-10-06,718,3315,日本コークス工業,プライム（内国株式）,3315.T,2026-10-06,14010500,94.0,1316987000,646085300,803505415,20
2026-10-06,719,4471,三洋化成工業,プライム（内国株式）,4471.T,2026-10-06,315000,1707.0,537705000,644760300,677690105,20
2026-10-06,720,4046,大阪ソーダ,プライム（内国株式）,4046.T,2026-10-06,688200,2149.0,1478941800,643210350,698787380,20
2026-10-06,721,4634,ａｒｔｉｅｎｃｅ,プライム（内国株式）,4634.T,2026-10-06,74800,5110.0,382228000,640839750,662619375,20
2026-10-06,722,2685,アンドエスティＨＤ,プライム（内国株式）,2685.T,2026-10-06,176900,3010.0,532469000,639406000,680181430,20
2026-10-06,723,7184,富山第一銀行,プライム（内国株式）,7184.T,2026-10-06,129600,3820.0,495072000,639012000,692453450,20
2026-10-06,724,3863,日本製紙,プライム（内国株式）,3863.T,2026-10-06,557100,1293.0,720330300,635290200,667161320,20
2026-10-06,725,2695,くら寿司,プライム（内国株式）,2695.T,2026-10-06,257200,1664.0,427980800,634983750,898508170,20
2026-10-06,726,5331,ノリタケ,プライム（内国株式）,5331.T,2026-10-06,177800,3810.0,677418000,634262750,690229375,20
2026-10-06,727,1979,大氣社,プライム（内国株式）,1979.T,2026-10-06,166900,3820.0,637558000,632456000,690519450,20
2026-10-06,728,2326,デジタルアーツ,プライム（内国株式）,2326.T,2026-10-06,259300,5360.0,1389848000,631897500,666190800,20
2026-10-06,729,6412,平和,プライム（内国株式）,6412.T,2026-10-06,194300,2009.0,390348700,629287550,809481360,20
2026-10-06,730,4819,デジタルガレージ,プライム（内国株式）,4819.T,2026-10-06,274000,2424.0,664176000,627017100,688947320,20
2026-10-06,731,6804,ホシデン,プライム（内国株式）,6804.T,2026-10-06,307300,2426.0,745509800,624720500,650322075,20
2026-10-06,732,2805,ヱスビー食品,スタンダード（内国株式）,2805.T,2026-10-06,102700,6820.0,700414000,623062500,633937550,20
2026-10-06,733,5310,東洋炭素,プライム（内国株式）,5310.T,2026-10-06,67900,7990.0,542521000,616054000,666469800,20
2026-10-06,734,8919,カチタス,プライム（内国株式）,8919.T,2026-10-06,224200,3455.0,774611000,616021250,639983850,20
2026-10-06,735,2354,ＹＥ　ＤＩＧＩＴＡＬ,スタンダード（内国株式）,2354.T,2026-10-06,269500,1177.0,317201500,614518800,695057790,20
2026-10-06,736,2659,サンエー,プライム（内国株式）,2659.T,2026-10-06,540000,3150.0,1701000000,614121000,678411475,20
2026-10-06,737,4092,日本化学工業,プライム（内国株式）,4092.T,2026-10-06,81900,5730.0,469287000,613194000,683037050,20
2026-10-06,738,4784,ＧＭＯインターネット,プライム（内国株式）,4784.T,2026-10-06,1107700,508.0,562711600,611503000,871252410,20
2026-10-06,739,7350,おきなわフィナンシャルグループ,プライム（内国株式）,7350.T,2026-10-06,76600,8040.0,615864000,610267500,645133250,20
2026-10-06,740,7313,テイ・エス　テック,プライム（内国株式）,7313.T,2026-10-06,328600,1759.0,578007400,608372500,626518240,20
2026-10-06,741,8392,大分銀行,プライム（内国株式）,8392.T,2026-10-06,282300,3420.0,965466000,608138500,671740565,20
2026-10-06,742,1518,三井松島ホールディングス,プライム（内国株式）,1518.T,2026-10-06,147000,2242.0,329574000,607569000,780707390,20
2026-10-06,743,6617,東光高岳,プライム（内国株式）,6617.T,2026-10-06,104100,7770.0,808857000,604159500,590627150,20
2026-10-06,744,1333,Ｕｍｉｏｓ,プライム（内国株式）,1333.T,2026-10-06,596800,1207.5,720636000,602899950,582773898,20
2026-10-06,745,8194,ライフコーポレーション,プライム（内国株式）,8194.T,2026-10-06,177500,2579.0,457772500,600890200,608917160,20
2026-10-06,746,7381,ＣＣＩグループ,プライム（内国株式）,7381.T,2026-10-06,492800,1376.0,678092800,600142400,642624315,20
2026-10-06,747,7458,第一興商,プライム（内国株式）,7458.T,2026-10-06,195700,1750.5,342572850,599986475,894362215,20
2026-10-06,748,9934,因幡電機産業,プライム（内国株式）,9934.T,2026-10-06,192100,3197.0,614143700,598863800,636095435,20
2026-10-06,749,8609,岡三証券グループ,プライム（内国株式）,8609.T,2026-10-06,310100,1236.0,383283600,597912950,579562180,20
2026-10-06,750,8541,愛媛銀行,プライム（内国株式）,8541.T,2026-10-06,131800,3645.0,480411000,594124750,651334850,20
2026-10-06,751,8154,加賀電子,プライム（内国株式）,8154.T,2026-10-06,125800,5540.0,696932000,593077000,817490375,20
2026-10-06,752,4849,エン,プライム（内国株式）,4849.T,2026-10-06,190000,1749.0,332310000,589837000,578641055,20
2026-10-06,753,3762,テクマトリックス,プライム（内国株式）,3762.T,2026-10-06,449500,2625.0,1179937500,585322900,646524700,20
2026-10-06,754,3360,シップヘルスケアホールディングス,プライム（内国株式）,3360.T,2026-10-06,163200,2468.5,402859200,579082150,579909165,20
2026-10-06,755,3993,ＰＫＳＨＡ　Ｔｅｃｈｎｏｌｏｇｙ,プライム（内国株式）,3993.T,2026-10-06,258700,3365.0,870525500,578695250,631622725,20
2026-10-06,756,2157,コシダカホールディングス,プライム（内国株式）,2157.T,2026-10-06,398200,979.0,389837800,573320150,578177895,20
2026-10-06,757,6327,北川精機,スタンダード（内国株式）,6327.T,2026-10-06,167400,3410.0,570834000,573033000,574808340,20
2026-10-06,758,6800,ヨコオ,プライム（内国株式）,6800.T,2026-10-06,199100,4925.0,980567500,570795500,633108525,20
2026-10-06,759,4107,伊勢化学工業,スタンダード（内国株式）,4107.T,2026-10-06,275700,4075.0,1123477500,570287250,692276875,20
2026-10-06,760,9519,レノバ,プライム（内国株式）,9519.T,2026-10-06,513900,820.0,421398000,569757000,703180660,20
2026-10-06,761,4028,石原産業,プライム（内国株式）,4028.T,2026-10-06,158400,2838.0,449539200,569091400,569812095,20
2026-10-06,762,4592,サンバイオ,グロース（内国株式）,4592.T,2026-10-06,3056000,1002.0,3062112000,564927200,779272480,20
2026-10-06,763,402A,アクセルスペースホールディングス,グロース（内国株式）,402A.T,2026-10-06,3533700,320.0,1130784000,563619900,839946495,20
2026-10-06,764,9336,大栄環境,プライム（内国株式）,9336.T,2026-10-06,212100,3685.0,781588500,562769000,542842275,20
2026-10-06,765,1723,日本電技,スタンダード（内国株式）,1723.T,2026-10-06,610900,2242.0,1369637800,562154950,677391080,20
2026-10-06,766,5423,東京製鐵,プライム（内国株式）,5423.T,2026-10-06,349400,1690.0,590486000,562040100,628460485,20
2026-10-06,767,9603,エイチ・アイ・エス,プライム（内国株式）,9603.T,2026-10-06,228900,1075.0,246067500,560415450,558764645,20
2026-10-06,768,4078,堺化学工業,プライム（内国株式）,4078.T,2026-10-06,98700,3765.0,371605500,559596000,584470275,20
2026-10-06,769,8237,松屋,プライム（内国株式）,8237.T,2026-10-06,222800,2172.0,483921600,557574950,606673225,20
2026-10-06,770,8129,東邦ホールディングス,プライム（内国株式）,8129.T,2026-10-06,157400,3676.0,578602400,556034200,646955855,20
2026-10-06,771,7433,伯東,プライム（内国株式）,7433.T,2026-10-06,218100,1876.0,409155600,555609006,574171328,20
2026-10-06,772,4776,サイボウズ,プライム（内国株式）,4776.T,2026-10-06,181500,2960.0,537240000,554442000,560182475,20
2026-10-06,773,8600,トモニホールディングス,プライム（内国株式）,8600.T,2026-10-06,430900,1223.0,526990700,553688000,621891735,20
2026-10-06,774,6072,地盤ネットホールディングス,スタンダード（内国株式）,6072.T,2026-10-06,506700,1128.0,571557600,551080800,544053160,20
2026-10-06,775,7630,壱番屋,プライム（内国株式）,7630.T,2026-10-06,1284200,1051.0,1349694200,549976400,650226020,20
2026-10-06,776,2296,伊藤ハム米久ホールディングス,プライム（内国株式）,2296.T,2026-10-06,90400,4825.0,436180000,549871000,660320900,20
2026-10-06,777,1882,東亜道路工業,プライム（内国株式）,1882.T,2026-10-06,264600,1544.0,408542400,548705250,585910760,20
2026-10-06,778,3543,コメダホールディングス,プライム（内国株式）,3543.T,2026-10-06,106400,2797.0,297600800,547324650,528813020,20
2026-10-06,779,4927,ポーラ・オルビスホールディングス,プライム（内国株式）,4927.T,2026-10-06,316800,1341.5,424987200,543770400,706499802,20
2026-10-06,780,6143,ソディック,プライム（内国株式）,6143.T,2026-10-06,1646200,1752.0,2884142400,543312900,695004825,20
2026-10-06,781,5208,有沢製作所,プライム（内国株式）,5208.T,2026-10-06,187800,2950.0,554010000,540861400,524112350,20
2026-10-06,782,8511,日本証券金融,プライム（内国株式）,8511.T,2026-10-06,391300,2324.0,909381200,540632150,562916370,20
2026-10-06,783,1926,ライト工業,プライム（内国株式）,1926.T,2026-10-06,360000,947.0,340920000,538062000,572818900,20
2026-10-06,784,7296,エフ・シー・シー,プライム（内国株式）,7296.T,2026-10-06,61100,4085.0,249593500,537770000,533323975,20
2026-10-06,785,2353,日本駐車場開発,プライム（内国株式）,2353.T,2026-10-06,1977000,257.0,508089000,537370400,554174305,20
2026-10-06,786,6013,タクマ,プライム（内国株式）,6013.T,2026-10-06,111200,3005.0,334156000,536543600,557709470,20
2026-10-06,787,9956,バローホールディングス,プライム（内国株式）,9956.T,2026-10-06,468700,1616.0,757419200,534360750,613493310,20
2026-10-06,788,3591,ワコールホールディングス,プライム（内国株式）,3591.T,2026-10-06,111700,3618.0,404130600,534064500,570015370,20
2026-10-06,789,3964,オークネット,プライム（内国株式）,3964.T,2026-10-06,290000,1378.0,399620000,533503900,527714005,20
2026-10-06,790,8399,琉球銀行,プライム（内国株式）,8399.T,2026-10-06,131900,3305.0,435929500,530590250,545363600,20
2026-10-06,791,2270,雪印メグミルク,プライム（内国株式）,2270.T,2026-10-06,166900,3485.0,581646500,529093750,570396175,20
2026-10-06,792,7226,極東開発工業,プライム（内国株式）,7226.T,2026-10-06,178600,2149.0,383811400,528422900,557369285,20
2026-10-06,793,3433,トーカロ,プライム（内国株式）,3433.T,2026-10-06,234600,3140.0,736644000,527847950,602702970,20
2026-10-06,794,6740,ジャパンディスプレイ,プライム（内国株式）,6740.T,2026-10-06,26655200,42.0,1119518400,527365150,664119355,20
2026-10-06,795,7746,岡本硝子,スタンダード（内国株式）,7746.T,2026-10-06,986000,914.0,901204000,526494650,953560770,20
2026-10-06,796,9824,泉州電業,プライム（内国株式）,9824.T,2026-10-06,46600,8330.0,388178000,526320000,615970650,20
2026-10-06,797,8219,青山商事,プライム（内国株式）,8219.T,2026-10-06,676900,717.0,485337300,525899050,511427510,20
2026-10-06,798,212A,フィットイージー,プライム（内国株式）,212A.T,2026-10-06,268200,2725.0,730845000,520171050,621196535,20
2026-10-06,799,256A,飛島ホールディングス,プライム（内国株式）,256A.T,2026-10-06,98200,2280.0,223896000,519196750,573071445,20
2026-10-06,800,6516,山洋電気,プライム（内国株式）,6516.T,2026-10-06,121900,5790.0,705801000,517587500,517730350,20
2026-10-06,801,4970,東洋合成工業,スタンダード（内国株式）,4970.T,2026-10-06,45900,11280.0,517752000,515556000,593048550,20
2026-10-06,802,8098,稲畑産業,プライム（内国株式）,8098.T,2026-10-06,60000,4395.0,263700000,515437500,548431425,20
2026-10-06,803,8818,京阪神ビルディング,プライム（内国株式）,8818.T,2026-10-06,427800,970.0,414966000,515384700,636303385,20
2026-10-06,804,3907,シリコンスタジオ,スタンダード（内国株式）,3907.T,2026-10-06,75400,1849.0,139414600,515043000,658358545,20
2026-10-06,805,5482,愛知製鋼,プライム（内国株式）,5482.T,2026-10-06,115800,3010.0,348558000,514486000,510462925,20
2026-10-06,806,4480,メドレー,プライム（内国株式）,4480.T,2026-10-06,167800,2294.0,384933200,513694400,573317905,20
2026-10-06,807,8016,オンワードホールディングス,プライム（内国株式）,8016.T,2026-10-06,530300,704.0,373331200,511721900,502631640,20
2026-10-06,808,3765,ガンホー・オンライン・エンターテイメント,プライム（内国株式）,3765.T,2026-10-06,199600,2360.0,471056000,511694400,514421420,20
2026-10-06,809,4617,中国塗料,プライム（内国株式）,4617.T,2026-10-06,104800,3630.0,380424000,510435000,622672150,20
2026-10-06,810,6371,椿本チエイン,プライム（内国株式）,6371.T,2026-10-06,155900,2678.0,417500200,508438350,523186665,20
2026-10-06,811,7606,ユナイテッドアローズ,プライム（内国株式）,7606.T,2026-10-06,153100,2399.0,367286900,506713500,471358200,20
2026-10-06,812,6196,ストライクグループ,プライム（内国株式）,6196.T,2026-10-06,266200,1382.0,367888400,506136800,541985205,20
2026-10-06,813,8508,Ｊトラスト,スタンダード（内国株式）,8508.T,2026-10-06,414500,798.0,330771000,505291600,590971930,20
2026-10-06,814,9682,ＤＴＳ,プライム（内国株式）,9682.T,2026-10-06,465100,1087.0,505563700,502805600,714999650,20
2026-10-06,815,2602,日清オイリオグループ,プライム（内国株式）,2602.T,2026-10-06,250300,1981.0,495844300,502661750,564197840,20
2026-10-06,816,9793,ダイセキ,プライム（内国株式）,9793.T,2026-10-06,373000,3570.0,1331610000,499179000,541030075,20
2026-10-06,817,4975,ＪＣＵ,プライム（内国株式）,4975.T,2026-10-06,112200,6370.0,714714000,498796000,490033900,20
2026-10-06,818,7287,日本精機,スタンダード（内国株式）,7287.T,2026-10-06,252600,2819.0,712079400,497216250,539615680,20
2026-10-06,819,4187,大阪有機化学工業,プライム（内国株式）,4187.T,2026-10-06,103900,4735.0,491966500,495058250,534801850,20
2026-10-06,820,2980,ＳＲＥホールディングス,プライム（内国株式）,2980.T,2026-10-06,154400,2337.0,360832800,492408550,474366525,20
2026-10-06,821,5541,大平洋金属,プライム（内国株式）,5541.T,2026-10-06,196700,2499.0,491553300,491674050,621258955,20
2026-10-06,822,2815,アリアケジャパン,プライム（内国株式）,2815.T,2026-10-06,95900,5050.0,484295000,491084500,530225650,20
2026-10-06,823,3569,セーレン,プライム（内国株式）,3569.T,2026-10-06,245200,3475.0,852070000,485901250,501004475,20
2026-10-06,824,3449,テクノフレックス,スタンダード（内国株式）,3449.T,2026-10-06,81000,4740.0,383940000,484281250,544868550,20
2026-10-06,825,4041,日本曹達,プライム（内国株式）,4041.T,2026-10-06,111800,3720.0,415896000,482838000,548499575,20
2026-10-06,826,7803,ブシロード,グロース（内国株式）,7803.T,2026-10-06,673200,468.0,315057600,482661550,602229845,20
2026-10-06,827,7839,ＳＨＯＥＩ,プライム（内国株式）,7839.T,2026-10-06,220800,2259.0,498787200,481487550,482928050,20
2026-10-06,828,6914,オプテックスグループ,プライム（内国株式）,6914.T,2026-10-06,153400,3405.0,522327000,479025000,484233875,20
2026-10-06,829,6727,ワコム,プライム（内国株式）,6727.T,2026-10-06,1002900,863.0,865502700,478567000,554946815,20
2026-10-06,830,8584,ジャックス,プライム（内国株式）,8584.T,2026-10-06,136300,3430.0,467509000,478067000,594980575,20
2026-10-06,831,9678,カナモト,プライム（内国株式）,9678.T,2026-10-06,58900,5350.0,315115000,476059500,527019000,20
2026-10-06,832,7242,カヤバ,プライム（内国株式）,7242.T,2026-10-06,315600,1583.0,499594800,475373988,521759962,20
2026-10-06,833,2124,ジェイエイシーリクルートメント,プライム（内国株式）,2124.T,2026-10-06,461900,1042.0,481299800,473924950,450065740,20
2026-10-06,834,4997,日本農薬,プライム（内国株式）,4997.T,2026-10-06,217200,1084.0,235444800,473270050,497994975,20
2026-10-06,835,7744,ノーリツ鋼機,プライム（内国株式）,7744.T,2026-10-06,197500,1991.0,393222500,472312950,510857730,20
2026-10-06,836,5074,テスホールディングス,プライム（内国株式）,5074.T,2026-10-06,974500,542.0,528179000,471801800,536029655,20
2026-10-06,837,7994,オカムラ,プライム（内国株式）,7994.T,2026-10-06,213200,2204.0,469892800,471545800,521239495,20
2026-10-06,838,8551,北日本銀行,プライム（内国株式）,8551.T,2026-10-06,133200,3030.0,403596000,471092594,469733114,20
2026-10-06,839,6363,酉島製作所,プライム（内国株式）,6363.T,2026-10-06,94000,3030.0,284820000,470736000,513374855,20
2026-10-06,840,4419,Ｆｉｎａｔｅｘｔホールディングス,グロース（内国株式）,4419.T,2026-10-06,688600,1511.0,1040474600,470579200,595438955,20
2026-10-06,841,6454,マックス,プライム（内国株式）,6454.T,2026-10-06,239700,1909.0,457587300,467759250,497725920,20
2026-10-06,842,7947,エフピコ,プライム（内国株式）,7947.T,2026-10-06,181400,2747.0,498305800,467494800,487459680,20
2026-10-06,843,3156,レスター,プライム（内国株式）,3156.T,2026-10-06,77900,6410.0,499339000,467203500,581707550,20
2026-10-06,844,7740,タムロン,プライム（内国株式）,7740.T,2026-10-06,1263500,1481.0,1871243500,465061650,616318965,20
2026-10-06,845,8707,岩井コスモホールディングス,プライム（内国株式）,8707.T,2026-10-06,112600,4680.0,526968000,464086250,483605450,20
2026-10-06,846,4665,ダスキン,プライム（内国株式）,4665.T,2026-10-06,89300,4652.0,415423600,463583750,580417705,20
2026-10-06,847,2001,ニップン,プライム（内国株式）,2001.T,2026-10-06,130800,2784.0,364147200,461516000,472129440,20
2026-10-06,848,135A,ＶＲＡＩＮ　Ｓｏｌｕｔｉｏｎ,グロース（内国株式）,135A.T,2026-10-06,132100,5170.0,682957000,461202000,452295450,20
2026-10-06,849,8585,オリエントコーポレーション,プライム（内国株式）,8585.T,2026-10-06,745000,789.0,587805000,460678750,479020345,20
2026-10-06,850,4894,クオリプス,グロース（内国株式）,4894.T,2026-10-06,357500,6500.0,2323750000,459368500,830879350,20
2026-10-06,851,7780,メニコン,プライム（内国株式）,7780.T,2026-10-06,196200,1800.0,353160000,458706600,494123120,20
2026-10-06,852,4919,ミルボン,プライム（内国株式）,4919.T,2026-10-06,134700,3235.0,435754500,458004750,465774550,20
2026-10-06,853,9090,ＡＺ－ＣＯＭ丸和ホールディングス,プライム（内国株式）,9090.T,2026-10-06,324200,834.0,270382800,451946450,519982735,20
2026-10-06,854,6250,やまびこ,プライム（内国株式）,6250.T,2026-10-06,84300,4400.0,370920000,451887500,497600700,20
2026-10-06,855,6331,三菱化工機,プライム（内国株式）,6331.T,2026-10-06,235700,3050.0,718885000,448656750,569574175,20
2026-10-06,856,2612,かどや製油,スタンダード（内国株式）,2612.T,2026-10-06,333300,2835.0,944905500,448554600,644333765,20
2026-10-06,857,9010,富士急行,プライム（内国株式）,9010.T,2026-10-06,149800,2631.0,394123800,448552850,476099890,20
2026-10-06,858,3660,アイスタイル,プライム（内国株式）,3660.T,2026-10-06,767800,469.0,360098200,448213900,452124540,20
2026-10-06,859,325A,ＴＥＮＴＩＡＬ,グロース（内国株式）,325A.T,2026-10-06,333500,2055.0,685342500,447642600,638872595,20
2026-10-06,860,9880,イノテック,プライム（内国株式）,9880.T,2026-10-06,84700,4005.0,339223500,444629000,456491200,20
2026-10-06,861,4686,ジャストシステム,プライム（内国株式）,4686.T,2026-10-06,89500,4510.0,403645000,444574250,492587975,20
2026-10-06,862,6140,旭ダイヤモンド工業,プライム（内国株式）,6140.T,2026-10-06,308300,1161.0,357936300,444276200,455526275,20
2026-10-06,863,167A,リョーサン菱洋ホールディングス,プライム（内国株式）,167A.T,2026-10-06,105800,3275.0,346495000,444053250,462776100,20
2026-10-06,864,9743,丹青社,プライム（内国株式）,9743.T,2026-10-06,237000,1382.0,327534000,443608500,500676395,20
2026-10-06,865,9715,トランス・コスモス,プライム（内国株式）,9715.T,2026-10-06,75000,3400.0,255000000,442025500,434618175,20
2026-10-06,866,6644,大崎電気工業,プライム（内国株式）,6644.T,2026-10-06,176800,1464.0,258835200,441660300,525005070,20
2026-10-06,867,2760,東京エレクトロン　デバイス,プライム（内国株式）,2760.T,2026-10-06,186900,4800.0,897120000,441203500,523915950,20
2026-10-06,868,350A,デジタルグリッド,グロース（内国株式）,350A.T,2026-10-06,273800,688.0,188374400,440456500,552762155,20
2026-10-06,869,2678,アスクル,プライム（内国株式）,2678.T,2026-10-06,372000,1185.0,440820000,438270900,501709265,20
2026-10-06,870,6958,日本シイエムケイ,プライム（内国株式）,6958.T,2026-10-06,1472400,831.0,1223564400,438103400,533479105,20
2026-10-06,871,6737,ＥＩＺＯ,プライム（内国株式）,6737.T,2026-10-06,144200,3200.0,461440000,437494650,461917950,20
2026-10-06,872,9303,住友倉庫,プライム（内国株式）,9303.T,2026-10-06,120800,4130.0,498904000,437011250,441048775,20
2026-10-06,873,7864,フジシールインターナショナル,プライム（内国株式）,7864.T,2026-10-06,150100,3390.0,508839000,435776250,469584200,20
2026-10-06,874,6794,フォスター電機,プライム（内国株式）,6794.T,2026-10-06,230900,3515.0,811613500,434427000,452779775,20
2026-10-06,875,3106,倉敷紡績,プライム（内国株式）,3106.T,2026-10-06,247200,2500.0,618000000,434104500,422938900,20
2026-10-06,876,1965,テクノ菱和,スタンダード（内国株式）,1965.T,2026-10-06,172200,2362.0,406736400,433982985,468220320,20
2026-10-06,877,4045,東亞合成,プライム（内国株式）,4045.T,2026-10-06,133300,1827.5,243605750,433858100,491312320,20
2026-10-06,878,9075,福山通運,プライム（内国株式）,9075.T,2026-10-06,95000,6100.0,579500000,433483000,449874450,20
2026-10-06,879,2334,イオレ,グロース（内国株式）,2334.T,2026-10-06,780600,587.0,458212200,431251600,446420365,20
2026-10-06,880,1879,新日本建設,プライム（内国株式）,1879.T,2026-10-06,92800,2177.0,202025600,430572900,556022705,20
2026-10-06,881,5702,大紀アルミニウム工業所,プライム（内国株式）,5702.T,2026-10-06,228400,1726.0,394218400,428615200,436344840,20
2026-10-06,882,3050,ＤＣＭホールディングス,プライム（内国株式）,3050.T,2026-10-06,311500,1516.0,472234000,428319200,499223920,20
2026-10-06,883,8803,平和不動産,プライム（内国株式）,8803.T,2026-10-06,147100,2236.0,328915600,426650750,474390630,20
2026-10-06,884,3245,ディア・ライフ,プライム（内国株式）,3245.T,2026-10-06,315500,939.0,296254500,426359600,582246435,20
2026-10-06,885,2384,ＳＢＳホールディングス,プライム（内国株式）,2384.T,2026-10-06,48200,5190.0,250158000,426336000,492241600,20
2026-10-06,886,1377,サカタのタネ,プライム（内国株式）,1377.T,2026-10-06,178000,4220.0,751160000,426048000,448671075,20
2026-10-06,887,9247,ＴＲＥホールディングス,プライム（内国株式）,9247.T,2026-10-06,301400,1770.0,533478000,425325200,452878020,20
2026-10-06,888,3465,ケイアイスター不動産,プライム（内国株式）,3465.T,2026-10-06,92300,3130.0,288899000,424918000,435450850,20
2026-10-06,889,4593,ヘリオス,グロース（内国株式）,4593.T,2026-10-06,3234000,318.0,1028412000,424155000,504718605,20
2026-10-06,890,287A,黒田グループ,スタンダード（内国株式）,287A.T,2026-10-06,557500,1180.0,657850000,422196950,474112450,20
2026-10-06,891,6588,東芝テック,プライム（内国株式）,6588.T,2026-10-06,171200,2913.0,498705600,421719200,425467560,20
2026-10-06,892,4071,プラスアルファ・コンサルティング,プライム（内国株式）,4071.T,2026-10-06,122800,2082.0,255669600,420252000,434239440,20
2026-10-06,893,7972,イトーキ,プライム（内国株式）,7972.T,2026-10-06,112100,2448.0,274420800,418108300,424489515,20
2026-10-06,894,9308,乾汽船,スタンダード（内国株式）,9308.T,2026-10-06,181700,2283.0,414821100,415770500,402542490,20
2026-10-06,895,6023,ダイハツインフィニアース,スタンダード（内国株式）,6023.T,2026-10-06,73700,3360.0,247632000,415539000,487197600,20
2026-10-06,896,4258,網屋,グロース（内国株式）,4258.T,2026-10-06,341300,6010.0,2051213000,414849000,504305250,20
2026-10-06,897,5707,東邦亜鉛,プライム（内国株式）,5707.T,2026-10-06,225800,915.0,206607000,414594700,438068705,20
2026-10-06,898,3612,ワールド,プライム（内国株式）,3612.T,2026-10-06,604400,1541.0,931380400,414063950,440197800,20
2026-10-06,899,9601,松竹,プライム（内国株式）,9601.T,2026-10-06,30300,10720.0,324816000,414003000,447305600,20
2026-10-06,900,1941,中電工,プライム（内国株式）,1941.T,2026-10-06,92100,5130.0,472473000,412214000,404697100,20
2026-10-06,901,417A,ブルーゾーンホールディングス,プライム（内国株式）,417A.T,2026-10-06,199600,1834.5,366166200,411040075,452912078,20
2026-10-06,902,4928,ノエビアホールディングス,プライム（内国株式）,4928.T,2026-10-06,79200,4405.0,348876000,409353000,479779125,20
2026-10-06,903,6036,ＫｅｅＰｅｒ技研,プライム（内国株式）,6036.T,2026-10-06,438000,3790.0,1660020000,408075000,540008400,20
2026-10-06,904,9960,東テク,プライム（内国株式）,9960.T,2026-10-06,70300,4270.0,300181000,407916250,411910550,20
2026-10-06,905,9832,オートバックスセブン,プライム（内国株式）,9832.T,2026-10-06,162200,1522.0,246868400,407737300,658546750,20
2026-10-06,906,4075,ブレインズテクノロジー,グロース（内国株式）,4075.T,2026-10-06,236200,1475.0,348395000,407468900,1052378520,20
2026-10-06,907,6810,マクセル,プライム（内国株式）,6810.T,2026-10-06,114500,2668.0,305486000,406594600,430112175,20
2026-10-06,908,7236,ティラド,プライム（内国株式）,7236.T,2026-10-06,137100,1500.0,205650000,405547850,458637470,20
2026-10-06,909,2281,プリマハム,プライム（内国株式）,2281.T,2026-10-06,123100,2270.0,279437000,400105750,581035675,20
2026-10-06,910,3252,地主,プライム（内国株式）,3252.T,2026-10-06,97700,2686.0,262422200,397546400,438449610,20
2026-10-06,911,7730,マニー,プライム（内国株式）,7730.T,2026-10-06,206800,1479.0,305857200,396559750,392189610,20
2026-10-06,912,7611,ハイデイ日高,プライム（内国株式）,7611.T,2026-10-06,200100,2925.0,585292500,395792800,502573035,20
2026-10-06,913,2780,コメ兵ホールディングス,スタンダード（内国株式）,2780.T,2026-10-06,36900,4525.0,166972500,391370500,406300125,20
2026-10-06,914,4521,科研製薬,プライム（内国株式）,4521.T,2026-10-06,59400,3770.0,223938000,389283000,407067450,20
2026-10-06,915,7245,大同メタル工業,プライム（内国株式）,7245.T,2026-10-06,496300,1300.0,645190000,389008050,460421610,20
2026-10-06,916,3104,富士紡ホールディングス,プライム（内国株式）,3104.T,2026-10-06,305200,3700.0,1129240000,387791000,482025450,20
2026-10-06,917,5161,西川ゴム工業,スタンダード（内国株式）,5161.T,2026-10-06,134900,3380.0,455962000,386253500,409987500,20
2026-10-06,918,7545,西松屋チェーン,プライム（内国株式）,7545.T,2026-10-06,210500,1937.0,407738500,384828850,410370965,20
2026-10-06,919,5602,栗本鐵工所,プライム（内国株式）,5602.T,2026-10-06,218600,1615.0,353039000,384268500,480536470,20
2026-10-06,920,4553,東和薬品,プライム（内国株式）,4553.T,2026-10-06,121200,3620.0,438744000,383675500,396155225,20
2026-10-06,921,2379,ディップ,プライム（内国株式）,2379.T,2026-10-06,187300,1765.0,330584500,383328400,399575825,20
2026-10-06,922,6521,オキサイド,グロース（内国株式）,6521.T,2026-10-06,166900,3500.0,584150000,382546750,415778660,20
2026-10-06,923,7241,フタバ産業,プライム（内国株式）,7241.T,2026-10-06,127300,1048.0,133410400,381922900,437810415,20
2026-10-06,924,4189,ＫＨネオケム,プライム（内国株式）,4189.T,2026-10-06,104400,3450.0,360180000,381761250,398681925,20
2026-10-06,925,8037,カメイ,プライム（内国株式）,8037.T,2026-10-06,48900,4695.0,229585500,381026250,399063800,20
2026-10-06,926,6995,東海理化電機製作所,プライム（内国株式）,6995.T,2026-10-06,124000,3065.0,380060000,380065000,420123100,20
2026-10-06,927,546A,ＭＩＲＡＩＮＩホールディングス,プライム（内国株式）,546A.T,2026-10-06,118100,2631.0,310721100,378883900,446210675,20
2026-10-06,928,4290,プレステージ・インターナショナル,プライム（内国株式）,4290.T,2026-10-06,412400,666.0,274658400,378626000,485965485,20
2026-10-06,929,1720,東急建設,プライム（内国株式）,1720.T,2026-10-06,386500,1170.0,452205000,377574000,368295050,20
2026-10-06,930,8051,山善,プライム（内国株式）,8051.T,2026-10-06,149700,2013.0,301346100,376623300,407216655,20
2026-10-06,931,8057,内田洋行,プライム（内国株式）,8057.T,2026-10-06,99700,2230.0,222331000,375459800,374386665,20
2026-10-06,932,7238,曙ブレーキ工業,プライム（内国株式）,7238.T,2026-10-06,2497600,105.0,262248000,375170250,406400810,20
2026-10-06,933,4968,荒川化学工業,プライム（内国株式）,4968.T,2026-10-06,228500,2538.0,579933000,373139800,398817170,20
2026-10-06,934,9716,乃村工藝社,プライム（内国株式）,9716.T,2026-10-06,353000,1198.0,422894000,371199950,376418125,20
2026-10-06,935,9119,飯野海運,プライム（内国株式）,9119.T,2026-10-06,169300,1656.0,280360800,371085600,377942100,20
2026-10-06,936,8130,サンゲツ,プライム（内国株式）,8130.T,2026-10-06,89600,3120.0,279552000,371013000,388333225,20
2026-10-06,937,4095,日本パーカライジング,プライム（内国株式）,4095.T,2026-10-06,211800,1796.0,380392800,370258500,374404965,20
2026-10-06,938,3036,アルコニックス,プライム（内国株式）,3036.T,2026-10-06,56700,3365.0,190795500,369797750,384089525,20
2026-10-06,939,6332,月島ホールディングス,プライム（内国株式）,6332.T,2026-10-06,258600,2631.0,680376600,369573000,565003695,20
2026-10-06,940,4996,クミアイ化学工業,プライム（内国株式）,4996.T,2026-10-06,377400,658.0,248329200,368835600,498559990,20
2026-10-06,941,3989,シェアリングテクノロジー,グロース（内国株式）,3989.T,2026-10-06,134100,1547.0,207452700,368830700,943259315,20
2026-10-06,942,7157,ライフネット生命保険,プライム（内国株式）,7157.T,2026-10-06,315600,1505.0,474978000,367194100,415318210,20
2026-10-06,943,5451,ヨドコウ,プライム（内国株式）,5451.T,2026-10-06,183200,1382.0,253182400,366589800,354536730,20
2026-10-06,944,3399,丸千代山岡家,スタンダード（内国株式）,3399.T,2026-10-06,89900,4070.0,365893000,366363000,411814700,20
2026-10-06,945,3083,スターシーズ,スタンダード（内国株式）,3083.T,2026-10-06,312300,1084.0,338533200,366055250,444070095,20
2026-10-06,946,2975,スター・マイカ・ホールディングス,プライム（内国株式）,2975.T,2026-10-06,576600,1266.0,729975600,365497650,473563835,20
2026-10-06,947,2681,ゲオホールディングス,プライム（内国株式）,2681.T,2026-10-06,142000,2208.0,313536000,365400000,369370760,20
2026-10-06,948,6986,双葉電子工業,プライム（内国株式）,6986.T,2026-10-06,229000,713.0,163277000,364773700,400641290,20
2026-10-06,949,5889,Ｊａｐａｎ　Ｅｙｅｗｅａｒ　Ｈｏｌｄｉｎｇｓ,プライム（内国株式）,5889.T,2026-10-06,141000,2156.0,303996000,364427750,505389150,20
2026-10-06,950,7199,プレミアグループ,プライム（内国株式）,7199.T,2026-10-06,185300,2119.0,392650700,363859650,404931210,20
2026-10-06,951,4044,セントラル硝子,プライム（内国株式）,4044.T,2026-10-06,80000,4650.0,372000000,363847250,454873225,20
2026-10-06,952,3491,ＧＡ　ｔｅｃｈｎｏｌｏｇｉｅｓ,グロース（内国株式）,3491.T,2026-10-06,181500,1312.0,238128000,363398400,412526975,20
2026-10-06,953,8934,サンフロンティア不動産,プライム（内国株式）,8934.T,2026-10-06,239000,2193.0,524127000,362516500,376607865,20
2026-10-06,954,8273,イズミ,プライム（内国株式）,8273.T,2026-10-06,401000,943.0,378143000,361077300,391237110,20
2026-10-06,955,3176,三洋貿易,プライム（内国株式）,3176.T,2026-10-06,245500,1194.0,293127000,359947800,441356755,20
2026-10-06,956,6395,タダノ,プライム（内国株式）,6395.T,2026-10-06,253800,1357.0,344406600,358236000,371005170,20
2026-10-06,957,3661,エムアップホールディングス,プライム（内国株式）,3661.T,2026-10-06,481500,834.0,401571000,357713300,334735580,20
2026-10-06,958,1663,Ｋ＆Ｏエナジーグループ,プライム（内国株式）,1663.T,2026-10-06,273000,1918.0,523614000,357606900,365579535,20
2026-10-06,959,9605,東映,プライム（内国株式）,9605.T,2026-10-06,67400,5870.0,395638000,357318000,389909300,20
2026-10-06,960,6668,アドテック　プラズマ　テクノロジー,スタンダード（内国株式）,6668.T,2026-10-06,85200,5010.0,426852000,357225000,370466575,20
2026-10-06,961,5574,ＡＢＥＪＡ,グロース（内国株式）,5574.T,2026-10-06,257900,2990.0,771121000,356104100,544025360,20
2026-10-06,962,1952,新日本空調,プライム（内国株式）,1952.T,2026-10-06,76000,3125.0,237500000,355376500,383564475,20
2026-10-06,963,6652,ＩＤＥＣ,プライム（内国株式）,6652.T,2026-10-06,269900,4125.0,1113337500,355179750,479764525,20
2026-10-06,964,4216,旭有機材,プライム（内国株式）,4216.T,2026-10-06,108400,7310.0,792404000,355175000,650541450,20
2026-10-06,965,6908,イリソ電子工業,プライム（内国株式）,6908.T,2026-10-06,221300,2890.0,639557000,354411300,519289780,20
2026-10-06,966,5851,リョービ,プライム（内国株式）,5851.T,2026-10-06,107800,2735.0,294833000,352246200,369887655,20
2026-10-06,967,9882,イエローハット,プライム（内国株式）,9882.T,2026-10-06,169400,1629.0,275952600,352093700,381578790,20
2026-10-06,968,8395,佐賀銀行,プライム（内国株式）,8395.T,2026-10-06,73300,7240.0,530692000,351805500,378542700,20
2026-10-06,969,2292,Ｓ　Ｆｏｏｄｓ,プライム（内国株式）,2292.T,2026-10-06,110600,2657.0,293864200,351344250,369565520,20
2026-10-06,970,3844,コムチュア,プライム（内国株式）,3844.T,2026-10-06,148500,1256.0,186516000,350738800,401312700,20
2026-10-06,971,9948,アークス,プライム（内国株式）,9948.T,2026-10-06,51400,3530.0,181442000,348777750,352145900,20
2026-10-06,972,4493,サイバーセキュリティクラウド,グロース（内国株式）,4493.T,2026-10-06,15404200,2618.0,40328195600,348641500,2447385195,20
2026-10-06,973,8218,コメリ,プライム（内国株式）,8218.T,2026-10-06,90300,3750.0,338625000,347645750,351891775,20
2026-10-06,974,1946,トーエネック,プライム（内国株式）,1946.T,2026-10-06,114500,2144.0,245488000,347348100,340894020,20
2026-10-06,975,8061,西華産業,プライム（内国株式）,8061.T,2026-10-06,171200,3125.0,535000000,346633550,357797060,20
2026-10-06,976,8179,ロイヤルホールディングス,プライム（内国株式）,8179.T,2026-10-06,185800,1281.0,238009800,346370450,341038590,20
2026-10-06,977,6866,日置電機,プライム（内国株式）,6866.T,2026-10-06,55000,11900.0,654500000,346254000,395677500,20
2026-10-06,978,9274,ＫＰＰグループホールディングス,プライム（内国株式）,9274.T,2026-10-06,181100,1121.0,203013100,344989450,419812220,20
2026-10-06,979,4220,リケンテクノス,プライム（内国株式）,4220.T,2026-10-06,146200,2408.0,352049600,344485450,390102095,20
2026-10-06,980,7018,内海造船,スタンダード（内国株式）,7018.T,2026-10-06,17100,12960.0,221616000,343336000,371119450,20
2026-10-06,981,2315,ＣＡＩＣＡ　ＤＩＧＩＴＡＬ,スタンダード（内国株式）,2315.T,2026-10-06,7651200,66.0,504979200,343258500,339593285,20
2026-10-06,982,6736,サン電子,スタンダード（内国株式）,6736.T,2026-10-06,34400,9220.0,317168000,343232000,354836550,20
2026-10-06,983,2288,丸大食品,プライム（内国株式）,2288.T,2026-10-06,101400,2130.0,215982000,342922050,429502160,20
2026-10-06,984,2317,システナ,プライム（内国株式）,2317.T,2026-10-06,518500,424.0,219844000,342644800,350981695,20
2026-10-06,985,1815,鉄建建設,プライム（内国株式）,1815.T,2026-10-06,189800,2231.0,423443800,341676300,340171635,20
2026-10-06,986,8739,スパークス・グループ,プライム（内国株式）,8739.T,2026-10-06,78500,2664.0,209124000,339938200,423630305,20
2026-10-06,987,7715,長野計器,プライム（内国株式）,7715.T,2026-10-06,77100,4490.0,346179000,339549500,358270600,20
2026-10-06,988,6474,不二越,プライム（内国株式）,6474.T,2026-10-06,668500,5900.0,3944150000,339321500,584098500,20
2026-10-06,989,7283,愛三工業,プライム（内国株式）,7283.T,2026-10-06,71200,2164.0,154076800,338109850,378565240,20
2026-10-06,990,8065,佐藤商事,プライム（内国株式）,8065.T,2026-10-06,66700,2956.0,197165200,337858000,519358015,20
2026-10-06,991,6080,Ｍ＆Ａキャピタルパートナーズ,プライム（内国株式）,6080.T,2026-10-06,78100,4385.0,342468500,336924250,371641875,20
2026-10-06,992,7609,ダイトロン,プライム（内国株式）,7609.T,2026-10-06,60100,4550.0,273455000,335651250,352301950,20
2026-10-06,993,1950,日本電設工業,プライム（内国株式）,1950.T,2026-10-06,74800,3895.0,291346000,334526000,419227950,20
2026-10-06,994,2874,横浜冷凍,プライム（内国株式）,2874.T,2026-10-06,172900,1849.0,319692100,334306050,425166995,20
2026-10-06,995,6183,ベルシステム２４ホールディングス,プライム（内国株式）,6183.T,2026-10-06,272500,1285.0,350162500,333984350,363973510,20
2026-10-06,996,6905,コーセル,プライム（内国株式）,6905.T,2026-10-06,280600,1527.0,428476200,333909100,445668770,20
2026-10-06,997,3191,ジョイフル本田,プライム（内国株式）,3191.T,2026-10-06,187700,2219.0,416506300,333203450,322052600,20
2026-10-06,998,9536,西部ガスホールディングス,プライム（内国株式）,9536.T,2026-10-06,63600,2418.0,153784800,333050000,455361865,20
2026-10-06,999,8005,スクロール,プライム（内国株式）,8005.T,2026-10-06,85400,1731.0,147827400,332581200,348939285,20
2026-10-06,1000,3087,ドトール・日レスホールディングス,プライム（内国株式）,3087.T,2026-10-06,83300,3170.0,264061000,331878000,329378325,20
2026-10-06,1001,6118,アイダエンジニアリング,プライム（内国株式）,6118.T,2026-10-06,160800,1237.0,198909600,331798000,325561270,20
2026-10-06,1002,2986,ＬＡホールディングス,グロース（内国株式）,2986.T,2026-10-06,93200,2774.0,258536800,329133000,395666200,20
2026-10-06,1003,9347,日本管財ホールディングス,プライム（内国株式）,9347.T,2026-10-06,46000,2840.0,130640000,328104000,389787250,20
2026-10-06,1004,4559,ゼリア新薬工業,プライム（内国株式）,4559.T,2026-10-06,137500,1914.0,263175000,327755200,342402170,20
2026-10-06,1005,4633,サカタインクス,プライム（内国株式）,4633.T,2026-10-06,94200,2648.0,249441600,327582950,327634830,20
2026-10-06,1006,7915,ＮＩＳＳＨＡ,プライム（内国株式）,7915.T,2026-10-06,577100,1100.0,634810000,327168650,480768735,20
2026-10-06,1007,4064,日本カーバイド工業,プライム（内国株式）,4064.T,2026-10-06,83900,3855.0,323434500,327063750,347509825,20
2026-10-06,1008,166A,タスキホールディングス,プライム（内国株式）,166A.T,2026-10-06,341300,976.0,333108800,326762050,396161505,20
2026-10-06,1009,6750,エレコム,プライム（内国株式）,6750.T,2026-10-06,90100,2015.0,181551500,324236750,357002040,20
2026-10-06,1010,4417,グローバルセキュリティエキスパート,グロース（内国株式）,4417.T,2026-10-06,776200,6420.0,4983204000,323418500,639970250,20
2026-10-06,1011,4275,カーリット,プライム（内国株式）,4275.T,2026-10-06,72800,1889.0,137519200,323009550,367896145,20
2026-10-06,1012,7516,コーナン商事,プライム（内国株式）,7516.T,2026-10-06,43400,4340.0,188356000,322309000,336515150,20
2026-10-06,1013,7734,理研計器,プライム（内国株式）,7734.T,2026-10-06,117600,3665.0,431004000,321778000,354192650,20
2026-10-06,1014,8923,トーセイ,プライム（内国株式）,8923.T,2026-10-06,550500,1662.0,914931000,320547450,447124505,20
2026-10-06,1015,9692,シーイーシー,プライム（内国株式）,9692.T,2026-10-06,96300,2227.0,214460100,319490000,334705960,20
2026-10-06,1016,6340,澁谷工業,プライム（内国株式）,6340.T,2026-10-06,63500,5810.0,368935000,319228000,327775750,20
2026-10-06,1017,6947,図研,プライム（内国株式）,6947.T,2026-10-06,66000,5530.0,364980000,318622000,394898575,20
2026-10-06,1018,7995,バルカー,プライム（内国株式）,7995.T,2026-10-06,101700,7450.0,757665000,318026000,382023600,20
2026-10-06,1019,4746,東計電算,スタンダード（内国株式）,4746.T,2026-10-06,218400,2012.0,439420800,317266500,355139000,20
2026-10-06,1020,6998,日本タングステン,スタンダード（内国株式）,6998.T,2026-10-06,54100,4210.0,227761000,316806000,391092925,20
2026-10-06,1021,4825,ウェザーニューズ,プライム（内国株式）,4825.T,2026-10-06,234100,1964.0,459772400,316057200,332928110,20
2026-10-06,1022,1852,淺沼組,プライム（内国株式）,1852.T,2026-10-06,457200,850.0,388620000,315760500,328728345,20
2026-10-06,1023,6209,リケンＮＰＲ,プライム（内国株式）,6209.T,2026-10-06,37000,3870.0,143190000,315626500,341431025,20
2026-10-06,1024,3222,ユナイテッド・スーパーマーケット・ホールディングス,スタンダード（内国株式）,3222.T,2026-10-06,287000,802.0,230174000,314397200,328907400,20
2026-10-06,1025,3284,フージャースホールディングス,プライム（内国株式）,3284.T,2026-10-06,151600,1204.0,182526400,314219500,370703350,20
2026-10-06,1026,3663,セルシス,プライム（内国株式）,3663.T,2026-10-06,164100,1828.0,299974800,313757800,332737675,20
2026-10-06,1027,7246,プレス工業,プライム（内国株式）,7246.T,2026-10-06,187000,986.0,184382000,313455950,341312705,20
2026-10-06,1028,471A,ＮＳグループ,プライム（内国株式）,471A.T,2026-10-06,170900,1506.0,257375400,313297750,313803650,20
2026-10-06,1029,8613,丸三証券,プライム（内国株式）,8613.T,2026-10-06,154500,1209.0,186790500,312210000,325865610,20
2026-10-06,1030,5192,三ツ星ベルト,プライム（内国株式）,5192.T,2026-10-06,59100,4135.0,244378500,310604250,316199950,20
2026-10-06,1031,1934,ユアテック,プライム（内国株式）,1934.T,2026-10-06,96500,2511.0,242311500,310131450,308874250,20
2026-10-06,1032,5632,三菱製鋼,プライム（内国株式）,5632.T,2026-10-06,122600,2515.0,308339000,309967100,304069565,20
2026-10-06,1033,7476,アズワン,プライム（内国株式）,7476.T,2026-10-06,126500,2492.0,315238000,309684450,323991020,20
2026-10-06,1034,8097,三愛オブリ,プライム（内国株式）,8097.T,2026-10-06,109500,2366.0,259077000,305856800,306281975,20
2026-10-06,1035,8622,水戸証券,プライム（内国株式）,8622.T,2026-10-06,252900,856.0,216482400,305707000,316420080,20
2026-10-06,1036,8151,東陽テクニカ,プライム（内国株式）,8151.T,2026-10-06,116500,1901.0,221466500,305125500,307980210,20
2026-10-06,1037,4432,ウイングアーク１ｓｔ,プライム（内国株式）,4432.T,2026-10-06,109900,3320.0,364868000,304381000,336084675,20
2026-10-06,1038,2337,いちご,プライム（内国株式）,2337.T,2026-10-06,2169700,385.0,835334500,303237950,364390555,20
2026-10-06,1039,2154,オープンアップグループ,プライム（内国株式）,2154.T,2026-10-06,88500,1970.0,174345000,302971200,315283590,20
2026-10-06,1040,9699,ニシオホールディングス,プライム（内国株式）,9699.T,2026-10-06,181000,4275.0,773775000,302433000,363862400,20
2026-10-06,1041,9842,アークランズ,プライム（内国株式）,9842.T,2026-10-06,121700,1852.0,225388400,302118100,299831685,20
2026-10-06,1042,8706,極東証券,プライム（内国株式）,8706.T,2026-10-06,122400,1739.0,212853600,301960050,301409220,20
2026-10-06,1043,8214,ＡＯＫＩホールディングス,プライム（内国株式）,8214.T,2026-10-06,103600,1677.0,173737200,300835900,360454640,20
2026-10-06,1044,4973,日本高純度化学,プライム（内国株式）,4973.T,2026-10-06,88700,5120.0,454144000,300288000,324907675,20
2026-10-06,1045,8614,東洋証券,プライム（内国株式）,8614.T,2026-10-06,286700,695.0,199256500,299761450,315334245,20
2026-10-06,1046,9304,澁澤倉庫,プライム（内国株式）,9304.T,2026-10-06,91000,2148.0,195468000,299555900,327160495,20
2026-10-06,1047,9511,沖縄電力,プライム（内国株式）,9511.T,2026-10-06,185500,1144.0,212212000,299331400,321888680,20
2026-10-06,1048,5186,ニッタ,プライム（内国株式）,5186.T,2026-10-06,72100,7080.0,510468000,298038000,300299800,20
2026-10-06,1049,6744,能美防災,プライム（内国株式）,6744.T,2026-10-06,58900,3940.0,232066000,297367750,306757375,20
2026-10-06,1050,8337,千葉興業銀行,プライム（内国株式）,8337.T,2026-10-06,224600,2848.0,639660800,296727000,336620740,20
2026-10-06,1051,5246,ＥＬＥＭＥＮＴＳ,グロース（内国株式）,5246.T,2026-10-06,1846600,874.0,1613928400,295878250,401274600,20
2026-10-06,1052,3076,あい　ホールディングス,プライム（内国株式）,3076.T,2026-10-06,92700,3015.0,279490500,295490650,316522200,20
2026-10-06,1053,9551,メタウォーター,プライム（内国株式）,9551.T,2026-10-06,124200,3175.0,394335000,295091250,320945275,20
2026-10-06,1054,7976,三菱鉛筆,プライム（内国株式）,7976.T,2026-10-06,113400,3450.0,391230000,294359000,331644625,20
2026-10-06,1055,5892,ｙｕｔｏｒｉ,グロース（内国株式）,5892.T,2026-10-06,107500,2990.0,321425000,293948400,335845120,20
2026-10-06,1056,6619,ダブル・スコープ,プライム（内国株式）,6619.T,2026-10-06,2129400,151.0,321539400,293750750,335799015,20
2026-10-06,1057,6745,ホーチキ,プライム（内国株式）,6745.T,2026-10-06,140200,1985.0,278297000,293245350,294124005,20
2026-10-06,1058,3932,アカツキ,プライム（内国株式）,3932.T,2026-10-06,217700,1341.0,291935700,293140250,318553448,20
2026-10-06,1059,1766,東建コーポレーション,プライム（内国株式）,1766.T,2026-10-06,22600,12900.0,291540000,292695000,294534900,20
2026-10-06,1060,6282,オイレス工業,プライム（内国株式）,6282.T,2026-10-06,52300,2811.0,147015300,292115700,480801260,20
2026-10-06,1061,9672,東京都競馬,プライム（内国株式）,9672.T,2026-10-06,62800,4695.0,294846000,290163000,310566900,20
2026-10-06,1062,7743,シード,スタンダード（内国株式）,7743.T,2026-10-06,79400,793.0,62964200,290030400,298432515,20
2026-10-06,1063,5121,藤倉コンポジット,プライム（内国株式）,5121.T,2026-10-06,102000,3165.0,322830000,288642000,314626155,20
2026-10-06,1064,3040,ソリトンシステムズ,プライム（内国株式）,3040.T,2026-10-06,567300,2853.0,1618506900,288206100,374581630,20
2026-10-06,1065,6651,日東工業,プライム（内国株式）,6651.T,2026-10-06,58700,4470.0,262389000,288164000,295506350,20
2026-10-06,1066,5911,横河ブリッジホールディングス,プライム（内国株式）,5911.T,2026-10-06,91100,2884.0,262732400,287146800,289380195,20
2026-10-06,1067,5975,東プレ,プライム（内国株式）,5975.T,2026-10-06,52100,3355.0,174795500,286784000,324142225,20
2026-10-06,1068,1835,東鉄工業,プライム（内国株式）,1835.T,2026-10-06,70000,3785.0,264950000,285942500,293260550,20
2026-10-06,1069,8715,アニコム　ホールディングス,プライム（内国株式）,8715.T,2026-10-06,494100,1044.0,515840400,285649800,300889685,20
2026-10-06,1070,6349,小森コーポレーション,プライム（内国株式）,6349.T,2026-10-06,138200,2003.0,276814600,285069200,309328225,20
2026-10-06,1071,6929,日本セラミック,プライム（内国株式）,6929.T,2026-10-06,64300,3745.0,240803500,284617250,290881075,20
2026-10-06,1072,1945,東京エネシス,プライム（内国株式）,1945.T,2026-10-06,121400,2117.0,257003800,284588400,319285915,20
2026-10-06,1073,7172,ジャパンインベストメントアドバイザー,プライム（内国株式）,7172.T,2026-10-06,114900,2137.0,245541300,283009150,289074960,20
2026-10-06,1074,6638,ミマキエンジニアリング,プライム（内国株式）,6638.T,2026-10-06,68100,2265.0,154246500,282639600,288760100,20
2026-10-06,1075,6838,多摩川ホールディングス,スタンダード（内国株式）,6838.T,2026-10-06,78000,1451.0,113178000,282415700,349323275,20
2026-10-06,1076,9889,ＪＢＣＣホールディングス,プライム（内国株式）,9889.T,2026-10-06,127500,1731.0,220702500,282083350,290826625,20
2026-10-06,1077,4526,理研ビタミン,プライム（内国株式）,4526.T,2026-10-06,54500,3085.0,168132500,281578250,371567925,20
2026-10-06,1078,4674,クレスコ,プライム（内国株式）,4674.T,2026-10-06,65000,1943.0,126295000,280302200,300241495,20
2026-10-06,1079,8059,第一実業,プライム（内国株式）,8059.T,2026-10-06,41100,3520.0,144672000,279760500,401004000,20
2026-10-06,1080,7613,シークス,プライム（内国株式）,7613.T,2026-10-06,221000,1672.0,369512000,279483400,281552945,20
2026-10-06,1081,4393,バンク・オブ・イノベーション,グロース（内国株式）,4393.T,2026-10-06,78400,6390.0,500976000,279462000,280429350,20
2026-10-06,1082,7224,新明和工業,プライム（内国株式）,7224.T,2026-10-06,137700,1886.0,259702200,279417200,288972685,20
2026-10-06,1083,6208,石川製作所,スタンダード（内国株式）,6208.T,2026-10-06,232600,1772.0,412167200,278965200,744393290,20
2026-10-06,1084,8566,リコーリース,プライム（内国株式）,8566.T,2026-10-06,30900,6430.0,198687000,278761000,325732800,20
2026-10-06,1085,6742,京三製作所,プライム（内国株式）,6742.T,2026-10-06,295600,1189.0,351468400,277659150,285338035,20
2026-10-06,1086,6287,サトー,プライム（内国株式）,6287.T,2026-10-06,107300,2638.0,283057400,277195500,274716520,20
2026-10-06,1087,7513,コジマ,プライム（内国株式）,7513.T,2026-10-06,130700,1464.0,191344800,276482250,282596620,20
2026-10-06,1088,7575,日本ライフライン,プライム（内国株式）,7575.T,2026-10-06,189000,1475.0,278775000,275709300,457814865,20
2026-10-06,1089,3153,八洲電機,プライム（内国株式）,3153.T,2026-10-06,69200,3130.0,216596000,275184000,308805115,20
2026-10-06,1090,9416,ビジョン,プライム（内国株式）,9416.T,2026-10-06,443900,1010.0,448339000,273933700,296253590,20
2026-10-06,1091,1898,世紀東急工業,プライム（内国株式）,1898.T,2026-10-06,162900,1436.0,233924400,272883050,254948495,20
2026-10-06,1092,8558,東和銀行,プライム（内国株式）,8558.T,2026-10-06,251600,1584.0,398534400,272874000,283434345,20
2026-10-06,1093,8032,日本紙パルプ商事,プライム（内国株式）,8032.T,2026-10-06,233800,1255.0,293419000,272692000,281265065,20
2026-10-06,1094,2733,あらた,プライム（内国株式）,2733.T,2026-10-06,77700,2498.0,194094600,271953600,388350295,20
2026-10-06,1095,6284,日精エー・エス・ビー機械,プライム（内国株式）,6284.T,2026-10-06,24800,8410.0,208568000,270833500,277198350,20
2026-10-06,1096,4477,ＢＡＳＥ,グロース（内国株式）,4477.T,2026-10-06,4123000,378.0,1558494000,269908950,645824070,20
2026-10-06,1097,7595,アルゴグラフィックス,プライム（内国株式）,7595.T,2026-10-06,217100,1228.0,266598800,269666400,254933525,20
2026-10-06,1098,7981,タカラスタンダード,プライム（内国株式）,7981.T,2026-10-06,70900,3030.0,214827000,269648000,280341200,20
2026-10-06,1099,5288,アジアパイルホールディングス,プライム（内国株式）,5288.T,2026-10-06,96000,1438.0,138048000,269280200,284428700,20
2026-10-06,1100,6200,インソース,プライム（内国株式）,6200.T,2026-10-06,388900,675.0,262507500,268871500,368370270,20
2026-10-06,1101,5480,日本冶金工業,プライム（内国株式）,5480.T,2026-10-06,43400,5340.0,231756000,268072000,276774000,20
2026-10-06,1102,8897,ＭＩＲＡＲＴＨホールディングス,プライム（内国株式）,8897.T,2026-10-06,422900,425.0,179732500,267771100,328699295,20
2026-10-06,1103,9278,ブックオフグループホールディングス,プライム（内国株式）,9278.T,2026-10-06,88800,2938.0,260894400,267002450,307885830,20
2026-10-06,1104,7085,カーブスホールディングス,プライム（内国株式）,7085.T,2026-10-06,409200,915.0,374418000,266331350,265586705,20
2026-10-06,1105,4431,スマレジ,グロース（内国株式）,4431.T,2026-10-06,109800,3780.0,415044000,266155750,302854550,20
2026-10-06,1106,3825,リミックスポイント,スタンダード（内国株式）,3825.T,2026-10-06,505900,248.0,125463200,265191450,298979950,20
2026-10-06,1107,3608,ＴＳＩホールディングス,プライム（内国株式）,3608.T,2026-10-06,185100,1202.0,222490200,264959300,275453385,20
2026-10-06,1108,4958,長谷川香料,プライム（内国株式）,4958.T,2026-10-06,48500,3315.0,160777500,264310500,393196025,20
2026-10-06,1109,262A,インターメスティック,プライム（内国株式）,262A.T,2026-10-06,130100,1696.0,220649600,264099900,314070220,20
2026-10-06,1110,9746,ＴＫＣ,プライム（内国株式）,9746.T,2026-10-06,43200,4030.0,174096000,263912000,277898900,20
2026-10-06,1111,3656,ＫＬａｂ,プライム（内国株式）,3656.T,2026-10-06,1336700,172.0,229912400,263606400,315248810,20
2026-10-06,1112,2220,亀田製菓,プライム（内国株式）,2220.T,2026-10-06,262900,1234.0,324418600,263295300,297946910,20
2026-10-06,1113,8850,スターツコーポレーション,プライム（内国株式）,8850.T,2026-10-06,70200,4560.0,320112000,263044000,283886875,20
2026-10-06,1114,3034,クオールホールディングス,プライム（内国株式）,3034.T,2026-10-06,145800,2386.0,347878800,262955750,278841535,20
2026-10-06,1115,8133,伊藤忠エネクス,プライム（内国株式）,8133.T,2026-10-06,115200,2242.0,258278400,261569600,267677820,20
2026-10-06,1116,4549,栄研化学,プライム（内国株式）,4549.T,2026-10-06,100500,2336.0,234768000,261341300,303401640,20
2026-10-06,1117,8708,アイザワ証券グループ,プライム（内国株式）,8708.T,2026-10-06,102500,1640.0,168100000,260995200,277834565,20
2026-10-06,1118,6677,エスケーエレクトロニクス,スタンダード（内国株式）,6677.T,2026-10-06,36200,3130.0,113306000,260457250,285424125,20
2026-10-06,1119,1783,ｆａｎｔａｓｉｓｔａ,スタンダード（内国株式）,1783.T,2026-10-06,1100000,73.0,80300000,260431950,324610125,20
2026-10-06,1120,3148,クリエイトＳＤホールディングス,プライム（内国株式）,3148.T,2026-10-06,345100,3090.0,1066359000,260135500,288779250,20
2026-10-06,1121,7475,アルビス,プライム（内国株式）,7475.T,2026-10-06,58600,3770.0,220922000,258843750,449279605,20
2026-10-06,1122,3673,ブロードリーフ,プライム（内国株式）,3673.T,2026-10-06,388300,470.0,182501000,258045600,320614020,20
2026-10-06,1123,1968,太平電業,プライム（内国株式）,1968.T,2026-10-06,63200,2444.0,154460800,257630500,283249200,20
2026-10-06,1124,9900,サガミホールディングス,プライム（内国株式）,9900.T,2026-10-06,226000,1021.0,230746000,256988400,327220410,20
2026-10-06,1125,6277,ホソカワミクロン,プライム（内国株式）,6277.T,2026-10-06,36000,6640.0,239040000,256342000,427819650,20
2026-10-06,1126,6741,日本信号,プライム（内国株式）,6741.T,2026-10-06,88000,1814.0,159632000,255246200,253994480,20
2026-10-06,1127,7944,ローランド,プライム（内国株式）,7944.T,2026-10-06,54400,3705.0,201552000,254392500,261457525,20
2026-10-06,1128,9424,日本通信,プライム（内国株式）,9424.T,2026-10-06,3663500,122.0,446947000,254373700,258504530,20
2026-10-06,1129,3443,川田テクノロジーズ,プライム（内国株式）,3443.T,2026-10-06,165700,1360.0,225352000,253860750,261681795,20
2026-10-06,1130,8276,平和堂,プライム（内国株式）,8276.T,2026-10-06,91900,2527.0,232231300,253049700,301910805,20
2026-10-06,1131,3131,シンデン・ハイテックス,スタンダード（内国株式）,3131.T,2026-10-06,27800,8210.0,228238000,252414000,297414000,20
2026-10-06,1132,9997,ベルーナ,プライム（内国株式）,9997.T,2026-10-06,150900,1038.0,156634200,252370500,394054490,20
2026-10-06,1133,8043,スターゼン,プライム（内国株式）,8043.T,2026-10-06,113400,1458.0,165337200,251019000,363978580,20
2026-10-06,1134,6840,ＡＫＩＢＡホールディングス,スタンダード（内国株式）,6840.T,2026-10-06,183900,866.0,159257400,250677500,311718610,20
2026-10-06,1135,8771,イー・ギャランティ,プライム（内国株式）,8771.T,2026-10-06,105300,1736.0,182800800,249839850,265915055,20
2026-10-06,1136,9025,鴻池運輸,プライム（内国株式）,9025.T,2026-10-06,54200,2764.0,149808800,249493300,260775360,20
2026-10-06,1137,9757,船井総研ホールディングス,プライム（内国株式）,9757.T,2026-10-06,173900,1164.0,202419600,249026500,270888320,20
2026-10-06,1138,1982,日比谷総合設備,プライム（内国株式）,1982.T,2026-10-06,63200,3200.0,202240000,248185000,274455840,20
2026-10-06,1139,8624,いちよし証券,プライム（内国株式）,8624.T,2026-10-06,154500,1641.0,253534500,248183650,252616315,20
2026-10-06,1140,6859,エスペック,プライム（内国株式）,6859.T,2026-10-06,140700,4340.0,610638000,247457500,261674900,20
2026-10-06,1141,9534,北海道瓦斯,プライム（内国株式）,9534.T,2026-10-06,158000,845.0,133510000,247385650,256839435,20
2026-10-06,1142,6433,ヒーハイスト,スタンダード（内国株式）,6433.T,2026-10-06,342300,1213.0,415209900,247177800,471090740,20
2026-10-06,1143,409A,オリオンビール,プライム（内国株式）,409A.T,2026-10-06,328300,1049.0,344386700,245963650,269224540,20
2026-10-06,1144,3093,トレジャー・ファクトリー,プライム（内国株式）,3093.T,2026-10-06,100500,1971.0,198085500,245711800,282213630,20
2026-10-06,1145,7745,Ａ＆Ｄホロンホールディングス,プライム（内国株式）,7745.T,2026-10-06,61500,2992.0,184008000,245620200,240919035,20
2026-10-06,1146,9887,松屋フーズホールディングス,プライム（内国株式）,9887.T,2026-10-06,40500,5090.0,206145000,245170000,307896350,20
2026-10-06,1147,7970,信越ポリマー,プライム（内国株式）,7970.T,2026-10-06,168400,2513.0,423189200,244615000,274020620,20
2026-10-06,1148,6145,ＮＩＴＴＯＫＵ,スタンダード（内国株式）,6145.T,2026-10-06,82400,2879.0,237229600,244259800,267235420,20
2026-10-06,1149,3444,菊池製作所,スタンダード（内国株式）,3444.T,2026-10-06,238200,1155.0,275121000,244120100,893040495,20
2026-10-06,1150,6458,新晃工業,プライム（内国株式）,6458.T,2026-10-06,159400,1200.0,191280000,243192900,243855015,20
2026-10-06,1151,2109,ＤＭ三井製糖,プライム（内国株式）,2109.T,2026-10-06,38000,3795.0,144210000,242980750,231175050,20
2026-10-06,1152,218A,Ｌｉｂｅｒａｗａｒｅ,グロース（内国株式）,218A.T,2026-10-06,178600,1054.0,188244400,242651500,312287240,20
2026-10-06,1153,4008,住友精化,プライム（内国株式）,4008.T,2026-10-06,98800,1512.0,149385600,242591750,252086910,20
2026-10-06,1154,6570,共和コーポレーション,スタンダード（内国株式）,6570.T,2026-10-06,163500,4670.0,763545000,242211500,300713150,20
2026-10-06,1155,4420,イーソル,スタンダード（内国株式）,4420.T,2026-10-06,173400,818.0,141841200,241288500,255719570,20
2026-10-06,1156,8255,アクシアル　リテイリング,プライム（内国株式）,8255.T,2026-10-06,154600,1273.0,196805800,241273950,285557340,20
2026-10-06,1157,9039,サカイ引越センター,プライム（内国株式）,9039.T,2026-10-06,73200,2962.0,216818400,240840300,314738090,20
2026-10-06,1158,7821,前田工繊,プライム（内国株式）,7821.T,2026-10-06,171800,1951.0,335181800,240538500,261129760,20
2026-10-06,1159,3880,大王製紙,プライム（内国株式）,3880.T,2026-10-06,204800,948.0,194150400,239995000,323076005,20
2026-10-06,1160,7593,ＶＴホールディングス,プライム（内国株式）,7593.T,2026-10-06,435300,506.0,220261800,239799550,275921825,20
2026-10-06,1161,5381,マイポックス,スタンダード（内国株式）,5381.T,2026-10-06,310600,1167.0,362470200,238431250,242462410,20
2026-10-06,1162,7177,ＧＭＯフィナンシャルホールディングス,スタンダード（内国株式）,7177.T,2026-10-06,191600,1167.0,223597200,237626000,249463560,20
2026-10-06,1163,9470,学研ホールディングス,プライム（内国株式）,9470.T,2026-10-06,72800,1006.0,73236800,236322150,312162205,20
2026-10-06,1164,8160,木曽路,プライム（内国株式）,8160.T,2026-10-06,107000,2275.0,243425000,236120200,337521110,20
2026-10-06,1165,7239,タチエス,プライム（内国株式）,7239.T,2026-10-06,87500,2310.0,202125000,235487050,235065080,20
2026-10-06,1166,7383,ネットプロテクションズホールディングス,プライム（内国株式）,7383.T,2026-10-06,493500,378.0,186543000,234724700,246841035,20
2026-10-06,1167,9828,Ｇｅｎｋｉ　Ｇｌｏｂａｌ　Ｄｉｎｉｎｇ　Ｃｏｎｃｅｐｔｓ,スタンダード（内国株式）,9828.T,2026-10-06,43500,3345.0,145507500,233208000,265618200,20
2026-10-06,1168,5367,ニッカトー,スタンダード（内国株式）,5367.T,2026-10-06,145700,1505.0,219278500,233162350,276311190,20
2026-10-06,1169,5262,日本ヒューム,プライム（内国株式）,5262.T,2026-10-06,278100,1063.0,295620300,232738450,235186125,20
2026-10-06,1170,4547,キッセイ薬品工業,プライム（内国株式）,4547.T,2026-10-06,51300,3705.0,190066500,232611000,294227550,20
2026-10-06,1171,9552,クオンツ総研ホールディングス,プライム（内国株式）,9552.T,2026-10-06,513100,1102.0,565436200,231448450,279117775,20
2026-10-06,1172,5410,合同製鐵,プライム（内国株式）,5410.T,2026-10-06,79700,2875.0,229137500,231299800,269069220,20
2026-10-06,1173,5842,インテグラル,グロース（内国株式）,5842.T,2026-10-06,112600,2752.0,309875200,230971150,251881830,20
2026-10-06,1174,3482,ロードスターキャピタル,プライム（内国株式）,3482.T,2026-10-06,62100,2449.0,152082900,230394850,228857385,20
2026-10-06,1175,3854,アイル,プライム（内国株式）,3854.T,2026-10-06,61100,2046.0,125010600,228307400,326591005,20
2026-10-06,1176,5970,ジーテクト,プライム（内国株式）,5970.T,2026-10-06,66900,2208.0,147715200,226900400,243484750,20
2026-10-06,1177,2929,ファーマフーズ,プライム（内国株式）,2929.T,2026-10-06,109200,683.0,74583600,226664000,276647890,20
2026-10-06,1178,9413,テレビ東京ホールディングス,プライム（内国株式）,9413.T,2026-10-06,74100,3265.0,241936500,226603000,258479725,20
2026-10-06,1179,3668,コロプラ,プライム（内国株式）,3668.T,2026-10-06,494800,397.0,196435600,226069300,224944715,20
2026-10-06,1180,3946,トーモク,プライム（内国株式）,3946.T,2026-10-06,24300,4360.0,105948000,225762000,250640650,20
2026-10-06,1181,1899,福田組,プライム（内国株式）,1899.T,2026-10-06,27200,4710.0,128112000,225457500,211422625,20
2026-10-06,1182,4985,アース製薬,プライム（内国株式）,4985.T,2026-10-06,38600,4600.0,177560000,225222750,238633450,20
2026-10-06,1183,6597,ＨＰＣシステムズ,グロース（内国株式）,6597.T,2026-10-06,68100,3800.0,258780000,224790500,267666700,20
2026-10-06,1184,4658,日本空調サービス,プライム（内国株式）,4658.T,2026-10-06,162900,1612.0,262594800,224637450,305131740,20
2026-10-06,1185,9830,トラスコ中山,プライム（内国株式）,9830.T,2026-10-06,76000,2374.0,180424000,224358900,238912570,20
2026-10-06,1186,1870,矢作建設工業,プライム（内国株式）,1870.T,2026-10-06,110300,2046.0,225673800,223717700,238738915,20
2026-10-06,1187,4552,ＪＣＲファーマ,プライム（内国株式）,4552.T,2026-10-06,2034400,490.0,996856000,222468000,346238720,20
2026-10-06,1188,4569,杏林製薬,プライム（内国株式）,4569.T,2026-10-06,132300,1057.0,139841100,222340200,214776125,20
2026-10-06,1189,6088,シグマクシス・ホールディングス,プライム（内国株式）,6088.T,2026-10-06,351400,591.0,207677400,221870900,245563515,20
2026-10-06,1190,9267,Ｇｅｎｋｙ　ＤｒｕｇＳｔｏｒｅｓ,プライム（内国株式）,9267.T,2026-10-06,37100,3445.0,127809500,221536750,237067925,20
2026-10-06,1191,6584,三櫻工業,プライム（内国株式）,6584.T,2026-10-06,370900,777.0,288189300,221452950,235568890,20
2026-10-06,1192,8125,ワキタ,プライム（内国株式）,8125.T,2026-10-06,93300,1889.0,176243700,221121400,247617245,20
2026-10-06,1193,7856,萩原工業,プライム（内国株式）,7856.T,2026-10-06,90400,2037.0,184144800,220634400,288416405,20
2026-10-06,1194,9130,共栄タンカー,スタンダード（内国株式）,9130.T,2026-10-06,71900,1650.0,118635000,219741900,622852385,20
2026-10-06,1195,6339,新東工業,プライム（内国株式）,6339.T,2026-10-06,148600,1140.0,169404000,219307150,253030285,20
2026-10-06,1196,6309,巴工業,プライム（内国株式）,6309.T,2026-10-06,127400,1935.0,246519000,219198900,250763920,20
2026-10-06,1197,6226,守谷輸送機工業,スタンダード（内国株式）,6226.T,2026-10-06,116700,2280.0,266076000,219090700,227459185,20
2026-10-06,1198,5461,中部鋼鈑,プライム（内国株式）,5461.T,2026-10-06,177800,2174.0,386537200,218938550,243749475,20
2026-10-06,1199,6676,ＢＵＦＦＡＬＯ,スタンダード（内国株式）,6676.T,2026-10-06,79700,3535.0,281739500,218486000,278200300,20
2026-10-06,1200,4246,ダイキョーニシカワ,プライム（内国株式）,4246.T,2026-10-06,160100,1071.0,171467100,218439400,246807115,20
2026-10-06,1201,4889,レナサイエンス,グロース（内国株式）,4889.T,2026-10-06,155900,1091.0,170086900,218382600,245964450,20
2026-10-06,1202,7504,高速,プライム（内国株式）,7504.T,2026-10-06,60200,4405.0,265181000,217690000,229274675,20
2026-10-06,1203,1419,タマホーム,プライム（内国株式）,1419.T,2026-10-06,103600,2835.0,293706000,217673750,222403920,20
2026-10-06,1204,8713,フィデアホールディングス,プライム（内国株式）,8713.T,2026-10-06,67300,2848.0,191670400,217213500,221981610,20
2026-10-06,1205,4222,児玉化学工業,スタンダード（内国株式）,4222.T,2026-10-06,149900,654.0,98034600,216881000,245586295,20
2026-10-06,1206,4933,Ｉ－ｎｅ,プライム（内国株式）,4933.T,2026-10-06,60900,2190.0,133371000,215950550,550268860,20
2026-10-06,1207,7280,ミツバ,プライム（内国株式）,7280.T,2026-10-06,157800,1325.0,209085000,214719500,245491665,20
2026-10-06,1208,1813,不動テトラ,プライム（内国株式）,1813.T,2026-10-06,50800,2823.0,143408400,214251600,219600755,20
2026-10-06,1209,9869,加藤産業,プライム（内国株式）,9869.T,2026-10-06,31700,6650.0,210805000,214021000,248706400,20
2026-10-06,1210,4221,大倉工業,プライム（内国株式）,4221.T,2026-10-06,126700,5450.0,690515000,212650000,352230000,20
2026-10-06,1211,3496,アズーム,プライム（内国株式）,3496.T,2026-10-06,59200,4585.0,271432000,212565250,212292025,20
2026-10-06,1212,4109,ステラ　ケミファ,プライム（内国株式）,4109.T,2026-10-06,56700,5630.0,319221000,212380500,234247550,20
2026-10-06,1213,7412,アトム,スタンダード（内国株式）,7412.T,2026-10-06,858600,311.0,267024600,211858650,230999865,20
2026-10-06,1214,6356,日本ギア工業,スタンダード（内国株式）,6356.T,2026-10-06,113100,1390.0,157209000,211545450,1325804300,20
2026-10-06,1215,5440,共英製鋼,プライム（内国株式）,5440.T,2026-10-06,112000,1884.0,211008000,211485900,210330795,20
2026-10-06,1216,8137,サンワテクノス,プライム（内国株式）,8137.T,2026-10-06,67500,4815.0,325012500,210861250,216480450,20
2026-10-06,1217,6785,鈴木,プライム（内国株式）,6785.T,2026-10-06,50700,3515.0,178210500,209792750,249987525,20
2026-10-06,1218,1871,ピーエス・コンストラクション,プライム（内国株式）,1871.T,2026-10-06,98800,2050.0,202540000,209755250,227285215,20
2026-10-06,1219,7480,スズデン,スタンダード（内国株式）,7480.T,2026-10-06,50400,3795.0,191268000,209014250,222841350,20
2026-10-06,1220,6440,ＪＵＫＩ,プライム（内国株式）,6440.T,2026-10-06,306500,829.0,254088500,208666200,276341350,20
2026-10-06,1221,7794,イーディーピー,グロース（内国株式）,7794.T,2026-10-06,148500,1069.0,158746500,208504600,291175255,20
2026-10-06,1222,2395,新日本科学,プライム（内国株式）,2395.T,2026-10-06,618600,1451.0,897588600,207592500,248912150,20
2026-10-06,1223,4694,ビー・エム・エル,プライム（内国株式）,4694.T,2026-10-06,46100,3615.0,166651500,206134500,220578650,20
2026-10-06,1224,1975,朝日工業社,プライム（内国株式）,1975.T,2026-10-06,46000,3875.0,178250000,205885000,228950300,20
2026-10-06,1225,8084,ＲＹＯＤＥＮ,プライム（内国株式）,8084.T,2026-10-06,60700,2472.0,150050400,205854750,204218100,20
2026-10-06,1226,2664,カワチ薬品,プライム（内国株式）,2664.T,2026-10-06,39800,3760.0,149648000,205287500,225694950,20
2026-10-06,1227,8074,ＹＵＡＳＡ,プライム（内国株式）,8074.T,2026-10-06,24600,6150.0,151290000,204471000,220675200,20
2026-10-06,1228,1814,大末建設,プライム（内国株式）,1814.T,2026-10-06,56700,3430.0,194481000,204114250,246824850,20
2026-10-06,1229,3193,エターナルホスピタリティグループ,プライム（内国株式）,3193.T,2026-10-06,83500,1280.0,106880000,203829900,243020645,20
2026-10-06,1230,4418,ＪＤＳＣ,グロース（内国株式）,4418.T,2026-10-06,148100,1119.0,165723900,203750300,206608985,20
2026-10-06,1231,8163,ＳＲＳホールディングス,プライム（内国株式）,8163.T,2026-10-06,174400,1390.0,242416000,203648700,262621865,20
2026-10-06,1232,6962,大真空,プライム（内国株式）,6962.T,2026-10-06,312800,895.0,279956000,203604600,271821435,20
2026-10-06,1233,7130,ヤマエグループホールディングス,プライム（内国株式）,7130.T,2026-10-06,66400,2663.0,176823200,203065700,210218580,20
2026-10-06,1234,9037,ハマキョウレックス,プライム（内国株式）,9037.T,2026-10-06,120300,1786.0,214855800,202891550,200118710,20
2026-10-06,1235,2590,ダイドーグループホールディングス,プライム（内国株式）,2590.T,2026-10-06,39800,2850.0,113430000,202531500,221258665,20
2026-10-06,1236,5136,ｔｒｉｐｌａ,グロース（内国株式）,5136.T,2026-10-06,96100,2546.0,244670600,202509800,219136780,20
2026-10-06,1237,6877,ＯＢＡＲＡ　ＧＲＯＵＰ,スタンダード（内国株式）,6877.T,2026-10-06,67800,6360.0,431208000,201940500,276772850,20
2026-10-06,1238,590A,ギフティグループ,プライム（内国株式）,590A.T,2026-10-06,143800,1091.0,156885800,201797700,214176395,20
2026-10-06,1239,3539,ＪＭホールディングス,プライム（内国株式）,3539.T,2026-10-06,108200,1444.0,156240800,201543200,244111580,20
2026-10-06,1240,2004,昭和産業,プライム（内国株式）,2004.T,2026-10-06,36800,3685.0,135608000,201261000,221974775,20
2026-10-06,1241,8278,フジ,プライム（内国株式）,8278.T,2026-10-06,109900,1966.0,216063400,200601700,213083520,20
2026-10-06,1242,2168,パソナグループ,プライム（内国株式）,2168.T,2026-10-06,88300,1490.0,131567000,199946500,207981865,20
2026-10-06,1243,5563,新日本電工,プライム（内国株式）,5563.T,2026-10-06,349600,438.0,153124800,199844400,226964470,20
2026-10-06,1244,5572,Ｒｉｄｇｅ－ｉ,グロース（内国株式）,5572.T,2026-10-06,69800,3180.0,221964000,199243000,282059675,20
2026-10-06,1245,3395,サンマルクホールディングス,プライム（内国株式）,3395.T,2026-10-06,70500,2430.0,171315000,198939100,288026685,20
2026-10-06,1246,8011,三陽商会,プライム（内国株式）,8011.T,2026-10-06,758300,1315.0,997164500,198861150,270208505,20
2026-10-06,1247,7943,ニチハ,プライム（内国株式）,7943.T,2026-10-06,47800,2800.0,133840000,198022700,188847250,20
2026-10-06,1248,520A,ジェイファーマ,グロース（内国株式）,520A.T,2026-10-06,1761700,431.0,759292700,197928700,368831165,20
2026-10-06,1249,255A,ジーエルテクノホールディングス,スタンダード（内国株式）,255A.T,2026-10-06,31000,5690.0,176390000,197098000,217156850,20
2026-10-06,1250,6918,アバールデータ,スタンダード（内国株式）,6918.T,2026-10-06,45000,4460.0,200700000,197011500,182596000,20
2026-10-06,1251,9068,丸全昭和運輸,プライム（内国株式）,9068.T,2026-10-06,99700,3550.0,353935000,196940000,204048775,20
2026-10-06,1252,4914,高砂香料工業,プライム（内国株式）,4914.T,2026-10-06,122800,1276.0,156692800,196870450,200873915,20
2026-10-06,1253,2918,わらべや日洋ホールディングス,プライム（内国株式）,2918.T,2026-10-06,119000,2644.0,314636000,196866000,221251830,20
2026-10-06,1254,3475,グッドコムアセット,プライム（内国株式）,3475.T,2026-10-06,130500,1469.0,191704500,196501750,223926920,20
2026-10-06,1255,9621,建設技術研究所,プライム（内国株式）,9621.T,2026-10-06,64600,3305.0,213503000,196332000,215928325,20
2026-10-06,1256,5949,ユニプレス,プライム（内国株式）,5949.T,2026-10-06,87700,1297.0,113746900,195792750,206847935,20
2026-10-06,1257,3179,シュッピン,プライム（内国株式）,3179.T,2026-10-06,212800,1250.0,266000000,195257500,216429975,20
2026-10-06,1258,4972,綜研化学,スタンダード（内国株式）,4972.T,2026-10-06,30800,4445.0,136906000,195178000,209034650,20
2026-10-06,1259,4583,カイオム・バイオサイエンス,グロース（内国株式）,4583.T,2026-10-06,653800,99.0,64726200,194969300,361365525,20
2026-10-06,1260,6817,スミダコーポレーション,プライム（内国株式）,6817.T,2026-10-06,163100,1294.0,211051400,193800600,195087365,20
2026-10-06,1261,7711,助川電気工業,スタンダード（内国株式）,7711.T,2026-10-06,30000,4990.0,149700000,193659000,401881900,20
2026-10-06,1262,7047,ポート,グロース（内国株式）,7047.T,2026-10-06,62700,2146.0,134554200,193596900,223162920,20
2026-10-06,1263,1939,四電工,プライム（内国株式）,1939.T,2026-10-06,78100,2214.0,172913400,193479500,220909755,20
2026-10-06,1264,5302,日本カーボン,プライム（内国株式）,5302.T,2026-10-06,27300,5300.0,144690000,193351000,196360975,20
2026-10-06,1265,3091,ブロンコビリー,プライム（内国株式）,3091.T,2026-10-06,69500,2802.0,194739000,192860350,185020035,20
2026-10-06,1266,8079,正栄食品工業,プライム（内国株式）,8079.T,2026-10-06,45700,4290.0,196053000,192004500,238431900,20
2026-10-06,1267,6492,岡野バルブ製造,スタンダード（内国株式）,6492.T,2026-10-06,18000,15290.0,275220000,191237000,310855100,20
2026-10-06,1268,5537,ＡｌｂａＬｉｎｋ,グロース（内国株式）,5537.T,2026-10-06,44100,3770.0,166257000,190731750,195669200,20
2026-10-06,1269,9348,ｉｓｐａｃｅ,グロース（内国株式）,9348.T,2026-10-06,737300,400.0,294920000,190447350,202474340,20
2026-10-06,1270,7128,ユニソルホールディングス,プライム（内国株式）,7128.T,2026-10-06,49200,2959.0,145582800,189569900,225228470,20
2026-10-06,1271,3632,グリーホールディングス,プライム（内国株式）,3632.T,2026-10-06,427900,412.0,176294800,188397600,219196010,20
2026-10-06,1272,5351,品川リフラ,プライム（内国株式）,5351.T,2026-10-06,63900,1970.0,125883000,188191250,204109000,20
2026-10-06,1273,3696,セレス,プライム（内国株式）,3696.T,2026-10-06,200800,2335.0,468868000,187878000,258992135,20
2026-10-06,1274,2108,日本甜菜製糖,プライム（内国株式）,2108.T,2026-10-06,90500,1796.0,162538000,187838502,201013421,20
2026-10-06,1275,607A,エブリー,グロース（内国株式）,607A.T,2026-10-06,614900,251.0,154339900,187342100,622536535,20
2026-10-06,1276,4499,Ｓｐｅｅｅ,スタンダード（内国株式）,4499.T,2026-10-06,94100,2321.0,218406100,187322200,204650640,20
2026-10-06,1277,4548,生化学工業,プライム（内国株式）,4548.T,2026-10-06,464900,574.0,266852600,187281950,356682400,20
2026-10-06,1278,5445,東京鐵鋼,プライム（内国株式）,5445.T,2026-10-06,68400,1966.0,134474400,187053050,188660100,20
2026-10-06,1279,9543,静岡ガス,プライム（内国株式）,9543.T,2026-10-06,108500,1289.0,139856500,186735050,209376075,20
2026-10-06,1280,5989,エイチワン,プライム（内国株式）,5989.T,2026-10-06,134200,1419.0,190429800,186594200,204240800,20
2026-10-06,1281,5930,文化シヤッター,プライム（内国株式）,5930.T,2026-10-06,116000,1813.0,210308000,186153750,194324185,20
2026-10-06,1282,4073,ジィ・シィ企画,グロース（内国株式）,4073.T,2026-10-06,1277800,751.0,959627800,185090850,285369035,20
2026-10-06,1283,6419,マースグループホールディングス,プライム（内国株式）,6419.T,2026-10-06,49100,3030.0,148773000,184390000,203851350,20
2026-10-06,1284,6369,トーヨーカネツ,プライム（内国株式）,6369.T,2026-10-06,51300,2347.0,120401100,184202300,198480920,20
2026-10-06,1285,6194,アトラエ,プライム（内国株式）,6194.T,2026-10-06,273800,941.0,257645800,183784950,229206710,20
2026-10-06,1286,9324,安田倉庫,プライム（内国株式）,9324.T,2026-10-06,51000,2579.0,131529000,183659000,220155115,20
2026-10-06,1287,6844,新電元工業,プライム（内国株式）,6844.T,2026-10-06,57900,3120.0,180648000,183348750,228347190,20
2026-10-06,1288,9902,日伝,プライム（内国株式）,9902.T,2026-10-06,27400,3240.0,88776000,182914250,256274925,20
2026-10-06,1289,7279,ハイレックスコーポレーション,スタンダード（内国株式）,7279.T,2026-10-06,66000,2514.0,165924000,182638800,217285045,20
2026-10-06,1290,4481,ベース,プライム（内国株式）,4481.T,2026-10-06,41100,3150.0,129465000,182011750,191338700,20
2026-10-06,1291,2791,大黒天物産,プライム（内国株式）,2791.T,2026-10-06,34400,4310.0,148264000,181811000,212848000,20
2026-10-06,1292,8052,椿本興業,プライム（内国株式）,8052.T,2026-10-06,46300,3020.0,139826000,181431550,231375595,20
2026-10-06,1293,4165,プレイド,グロース（内国株式）,4165.T,2026-10-06,397900,726.0,288875400,181332000,210607210,20
2026-10-06,1294,3028,アルペン,プライム（内国株式）,3028.T,2026-10-06,57400,2336.0,134086400,180656700,173334360,20
2026-10-06,1295,9974,ベルク,プライム（内国株式）,9974.T,2026-10-06,18400,6520.0,119968000,179972000,187671250,20
2026-10-06,1296,2749,ＪＰホールディングス,プライム（内国株式）,2749.T,2026-10-06,178000,634.0,112852000,179916900,246738270,20
2026-10-06,1297,4888,ステラファーマ,グロース（内国株式）,4888.T,2026-10-06,345700,456.0,157639200,179498500,182623515,20
2026-10-06,1298,6455,モリタホールディングス,プライム（内国株式）,6455.T,2026-10-06,54900,2443.0,134120700,179084100,176300740,20
2026-10-06,1299,6237,イワキポンプ,プライム（内国株式）,6237.T,2026-10-06,27200,4165.0,113288000,178644000,199177300,20
2026-10-06,1300,6310,井関農機,プライム（内国株式）,6310.T,2026-10-06,69800,1916.0,133736800,178535300,213936035,20
2026-10-06,1301,277A,グロービング,プライム（内国株式）,277A.T,2026-10-06,134700,1883.0,253640100,178420200,193906790,20
2026-10-06,1302,6317,北川鉄工所,スタンダード（内国株式）,6317.T,2026-10-06,70000,2487.0,174090000,177270900,285443295,20
2026-10-06,1303,2207,ｍｅｉｔｏ,プライム（内国株式）,2207.T,2026-10-06,27000,3325.0,89775000,177026500,199105050,20
2026-10-06,1304,4174,アピリッツ,スタンダード（内国株式）,4174.T,2026-10-06,109200,1076.0,117499200,176799300,463328445,20
2026-10-06,1305,5027,ＡｎｙＭｉｎｄ　Ｇｒｏｕｐ,グロース（内国株式）,5027.T,2026-10-06,266700,795.0,212026500,176665750,199688115,20
2026-10-06,1306,2301,学情,プライム（内国株式）,2301.T,2026-10-06,95400,1706.0,162752400,176463050,212852430,20
2026-10-06,1307,3865,北越コーポレーション,プライム（内国株式）,3865.T,2026-10-06,219000,881.0,192939000,175341250,176710120,20
2026-10-06,1308,7483,ドウシシャ,プライム（内国株式）,7483.T,2026-10-06,73300,2988.0,219020400,175059500,187100060,20
2026-10-06,1309,2594,キーコーヒー,プライム（内国株式）,2594.T,2026-10-06,89400,1947.0,174061800,174933550,225422165,20
2026-10-06,1310,6345,アイチ　コーポレーション,プライム（内国株式）,6345.T,2026-10-06,92000,1447.0,133124000,174917550,190387965,20
2026-10-06,1311,584A,ＬｉＮＫＸ,グロース（内国株式）,584A.T,2026-10-06,121300,2463.0,298761900,174906000,229324685,20
2026-10-06,1312,2931,ユーグレナ,プライム（内国株式）,2931.T,2026-10-06,485700,336.0,163195200,174630750,201238540,20
2026-10-06,1313,4390,ＩＰＳ,プライム（内国株式）,4390.T,2026-10-06,541100,3585.0,1939843500,173803000,285378825,20
2026-10-06,1314,6463,ＴＰＲ,プライム（内国株式）,6463.T,2026-10-06,77500,1517.0,117567500,173688900,209771030,20
2026-10-06,1315,3915,テラスカイ,プライム（内国株式）,3915.T,2026-10-06,80000,2224.0,177920000,173640000,185794380,20
2026-10-06,1316,8892,エスコン,プライム（内国株式）,8892.T,2026-10-06,177300,1052.0,186519600,173223250,197028170,20
2026-10-06,1317,6071,ＩＢＪ,プライム（内国株式）,6071.T,2026-10-06,191300,901.0,172361300,172763650,203681475,20
2026-10-06,1318,4116,大日精化工業,プライム（内国株式）,4116.T,2026-10-06,87400,1304.0,113969600,172525200,186223395,20
2026-10-06,1319,8200,リンガーハット,プライム（内国株式）,8200.T,2026-10-06,41700,2282.0,95159400,171259250,171175030,20
2026-10-06,1320,6730,アクセル,スタンダード（内国株式）,6730.T,2026-10-06,266200,1730.0,460526000,171036100,480259195,20
2026-10-06,1321,5036,日本ビジネスシステムズ,プライム（内国株式）,5036.T,2026-10-06,57400,1572.0,90232800,170958500,212302060,20
2026-10-06,1322,3771,システムリサーチ,プライム（内国株式）,3771.T,2026-10-06,27000,1869.0,50463000,170482550,184989035,20
2026-10-06,1323,6517,デンヨー,プライム（内国株式）,6517.T,2026-10-06,159900,3985.0,637201500,170326250,209180100,20
2026-10-06,1324,1938,日本リーテック,プライム（内国株式）,1938.T,2026-10-06,36900,2529.0,93320100,170184400,182264290,20
2026-10-06,1325,4714,リソー教育グループ,プライム（内国株式）,4714.T,2026-10-06,861700,205.0,176648500,170110750,160825145,20
2026-10-06,1326,2705,大戸屋ホールディングス,スタンダード（内国株式）,2705.T,2026-10-06,18000,8780.0,158040000,170025000,189721700,20
2026-10-06,1327,421A,ムービン・ストラテジック・キャリア,グロース（内国株式）,421A.T,2026-10-06,43300,4035.0,174715500,169401500,184447500,20
2026-10-06,1328,5943,ノーリツ,プライム（内国株式）,5943.T,2026-10-06,65500,2173.0,142331500,169189900,184011365,20
2026-10-06,1329,3299,ムゲンエステート,スタンダード（内国株式）,3299.T,2026-10-06,137200,1606.0,220343200,167960200,176581455,20
2026-10-06,1330,153A,カウリス,グロース（内国株式）,153A.T,2026-10-06,933100,2113.0,1971640300,167743150,347153325,20
2026-10-06,1331,4425,Ｋｕｄａｎ,グロース（内国株式）,4425.T,2026-10-06,107600,1447.0,155697200,167137700,243739070,20
2026-10-06,1332,4813,ＡＣＣＥＳＳ,プライム（内国株式）,4813.T,2026-10-06,413600,414.0,171230400,166552450,184043740,20
2026-10-06,1333,2120,ＬＩＦＵＬＬ,プライム（内国株式）,2120.T,2026-10-06,615500,232.0,142796000,166270700,223072890,20
2026-10-06,1334,3741,セック,プライム（内国株式）,3741.T,2026-10-06,53300,3215.0,171359500,166250750,196782500,20
2026-10-06,1335,3636,三菱総合研究所,プライム（内国株式）,3636.T,2026-10-06,30100,4810.0,144781000,165788000,174189875,20
2026-10-06,1336,3374,内外テック,スタンダード（内国株式）,3374.T,2026-10-06,59700,5370.0,320589000,164581250,189507050,20
2026-10-06,1337,2170,リンクアンドモチベーション,プライム（内国株式）,2170.T,2026-10-06,271800,616.0,167428800,164197150,184696565,20
2026-10-06,1338,4935,リベルタ,スタンダード（内国株式）,4935.T,2026-10-06,7951500,227.0,1804990500,162127000,689232855,20
2026-10-06,1339,9556,ＩＮＴＬＯＯＰ,グロース（内国株式）,9556.T,2026-10-06,60100,2477.0,148867700,161826000,229321575,20
2026-10-06,1340,6659,メディアリンクス,スタンダード（内国株式）,6659.T,2026-10-06,3951900,42.0,165979800,160954500,173603170,20
2026-10-06,1341,7256,河西工業,スタンダード（内国株式）,7256.T,2026-10-06,252400,476.0,120142400,160749750,201371700,20
2026-10-06,1342,6328,荏原実業,プライム（内国株式）,6328.T,2026-10-06,59700,2495.0,148951500,160519650,170702580,20
2026-10-06,1343,150A,ＪＳＨ,グロース（内国株式）,150A.T,2026-10-06,131000,793.0,103883000,159632500,185447390,20
2026-10-06,1344,3864,三菱製紙,プライム（内国株式）,3864.T,2026-10-06,53500,1212.0,64842000,159471000,155330905,20
2026-10-06,1345,6420,ガリレイホールディングス,プライム（内国株式）,6420.T,2026-10-06,47700,3415.0,162895500,159280000,159601050,20
2026-10-06,1346,6469,放電精密加工研究所,スタンダード（内国株式）,6469.T,2026-10-06,457700,3105.0,1421158500,158917350,228394460,20
2026-10-06,1347,4554,富士製薬工業,プライム（内国株式）,4554.T,2026-10-06,75800,1760.0,133408000,158899050,163249665,20
2026-10-06,1348,7522,ワタミ,プライム（内国株式）,7522.T,2026-10-06,147200,864.0,127180800,158816200,203566265,20
2026-10-06,1349,3679,じげん,プライム（内国株式）,3679.T,2026-10-06,203200,424.0,86156800,158626350,192980085,20
2026-10-06,1350,7942,ＪＳＰ,プライム（内国株式）,7942.T,2026-10-06,29600,3020.0,89392000,158402200,163313850,20
2026-10-06,1351,1301,極洋,プライム（内国株式）,1301.T,2026-10-06,22800,4510.0,102828000,158333000,155113000,20
2026-10-06,1352,3561,力の源ホールディングス,プライム（内国株式）,3561.T,2026-10-06,174900,1346.0,235415400,158306100,181412005,20
2026-10-06,1353,7779,ＣＹＢＥＲＤＹＮＥ,グロース（内国株式）,7779.T,2026-10-06,691400,222.0,153490800,158123350,178654200,20
2026-10-06,1354,4238,ミライアル,スタンダード（内国株式）,4238.T,2026-10-06,46800,2058.0,96314400,157900550,186445735,20
2026-10-06,1355,523A,セイワホールディングス,グロース（内国株式）,523A.T,2026-10-06,58300,1905.0,111061500,156929650,171831915,20
2026-10-06,1356,4051,ＧＭＯフィナンシャルゲート,プライム（内国株式）,4051.T,2026-10-06,27900,5980.0,166842000,156039000,177235200,20
2026-10-06,1357,3486,グローバル・リンク・マネジメント,プライム（内国株式）,3486.T,2026-10-06,100700,1896.0,190927200,156016650,179583325,20
2026-10-06,1358,9663,ナガワ,プライム（内国株式）,9663.T,2026-10-06,34400,4790.0,164776000,155721500,161517925,20
2026-10-06,1359,6231,木村工機,スタンダード（内国株式）,6231.T,2026-10-06,9700,12230.0,118631000,154940000,166633400,20
2026-10-06,1360,8075,神鋼商事,プライム（内国株式）,8075.T,2026-10-06,31900,3080.0,98252000,154930750,160576100,20
2026-10-06,1361,4212,積水樹脂,プライム（内国株式）,4212.T,2026-10-06,60100,2935.0,176393500,154795000,159134570,20
2026-10-06,1362,8281,ゼビオホールディングス,プライム（内国株式）,8281.T,2026-10-06,95600,1069.0,102196400,154723350,201018510,20
2026-10-06,1363,8789,フィンテック　グローバル,スタンダード（内国株式）,8789.T,2026-10-06,838400,155.0,129952000,154269700,164651200,20
2026-10-06,1364,9517,イーレックス,プライム（内国株式）,9517.T,2026-10-06,159300,788.0,125528400,154257550,193064190,20
2026-10-06,1365,8871,ゴールドクレスト,スタンダード（内国株式）,8871.T,2026-10-06,51200,2921.0,149555200,154093600,170249675,20
2026-10-06,1366,1762,高松コンストラクショングループ,プライム（内国株式）,1762.T,2026-10-06,36600,3940.0,144204000,153810250,167817400,20
2026-10-06,1367,7366,ＬＩＴＡＬＩＣＯ,プライム（内国株式）,7366.T,2026-10-06,130400,1989.0,259365600,153667800,163970050,20
2026-10-06,1368,6238,フリュー,プライム（内国株式）,6238.T,2026-10-06,95700,1425.0,136372500,153437000,160263275,20
2026-10-06,1369,4570,免疫生物研究所,グロース（内国株式）,4570.T,2026-10-06,103000,1170.0,120510000,152443700,179854615,20
2026-10-06,1370,3853,アステリア,プライム（内国株式）,3853.T,2026-10-06,200300,1058.0,211917400,152404200,164843155,20
2026-10-06,1371,2053,中部飼料,プライム（内国株式）,2053.T,2026-10-06,64100,1944.0,124610400,151794350,209966960,20
2026-10-06,1372,4293,セプテーニ・ホールディングス,スタンダード（内国株式）,4293.T,2026-10-06,295700,491.0,145188700,151532300,181397415,20
2026-10-06,1373,4343,イオンファンタジー,プライム（内国株式）,4343.T,2026-10-06,66400,2636.0,175030400,151473900,166923370,20
2026-10-06,1374,6381,アネスト岩田,プライム（内国株式）,6381.T,2026-10-06,70200,1872.0,131414400,151140050,144951810,20
2026-10-06,1375,7537,丸文,プライム（内国株式）,7537.T,2026-10-06,117000,1951.0,228267000,150387000,157067720,20
2026-10-06,1376,1379,ホクト,プライム（内国株式）,1379.T,2026-10-06,56200,2011.0,113018200,150105000,152883870,20
2026-10-06,1377,7965,象印マホービン,プライム（内国株式）,7965.T,2026-10-06,163700,1426.0,233436200,150096000,185193170,20
2026-10-06,1378,3333,あさひ,プライム（内国株式）,3333.T,2026-10-06,131100,1235.0,161908500,150058350,191969345,20
2026-10-06,1379,6418,日本金銭機械,プライム（内国株式）,6418.T,2026-10-06,133800,1268.0,169658400,149284300,164588390,20
2026-10-06,1380,2410,キャリアデザインセンター,プライム（内国株式）,2410.T,2026-10-06,41000,2563.0,105083000,149243750,176845815,20
2026-10-06,1381,4743,アイティフォー,プライム（内国株式）,4743.T,2026-10-06,33900,1603.0,54341700,148173400,141765245,20
2026-10-06,1382,2613,Ｊ－オイルミルズ,プライム（内国株式）,2613.T,2026-10-06,38800,2171.0,84234800,148166250,147821140,20
2026-10-06,1383,7979,松風,プライム（内国株式）,7979.T,2026-10-06,66200,2270.0,150274000,147966700,150991250,20
2026-10-06,1384,1514,住石ホールディングス,スタンダード（内国株式）,1514.T,2026-10-06,167700,624.0,104644800,147948700,150990030,20
2026-10-06,1385,8877,エスリード,プライム（内国株式）,8877.T,2026-10-06,31200,4945.0,154284000,147747000,169199700,20
2026-10-06,1386,5195,バンドー化学,プライム（内国株式）,5195.T,2026-10-06,50100,2496.0,125049600,147581100,170989005,20
2026-10-06,1387,1822,大豊建設,スタンダード（内国株式）,1822.T,2026-10-06,177300,798.0,141485400,147323200,204865585,20
2026-10-06,1388,3962,チェンジホールディングス,プライム（内国株式）,3962.T,2026-10-06,115100,993.0,114294300,147271100,149944905,20
2026-10-06,1389,2734,サーラコーポレーション,プライム（内国株式）,2734.T,2026-10-06,248200,1165.0,289153000,147013000,170253205,20
2026-10-06,1390,4628,エスケー化研,スタンダード（内国株式）,4628.T,2026-10-06,16300,10240.0,166912000,145911500,132937050,20
2026-10-06,1391,3302,帝国繊維,プライム（内国株式）,3302.T,2026-10-06,60900,2970.0,180873000,145596250,143532990,20
2026-10-06,1392,6240,ヤマシンフィルタ,プライム（内国株式）,6240.T,2026-10-06,218300,505.0,110241500,145242050,157552790,20
2026-10-06,1393,1786,オリエンタル白石,プライム（内国株式）,1786.T,2026-10-06,616300,329.0,202762700,145169200,146456795,20
2026-10-06,1394,7990,グローブライド,プライム（内国株式）,7990.T,2026-10-06,47600,2356.0,112145600,144779800,162232245,20
2026-10-06,1395,5011,ニチレキグループ,プライム（内国株式）,5011.T,2026-10-06,50600,2256.0,114153600,144645950,156934315,20
2026-10-06,1396,4840,トライアイズ,スタンダード（内国株式）,4840.T,2026-10-06,583300,951.0,554718300,144612950,310558435,20
2026-10-06,1397,8157,都築電気,プライム（内国株式）,8157.T,2026-10-06,48100,4360.0,209716000,144273000,219698950,20
2026-10-06,1398,4765,ＳＢＩグローバルアセットマネジメント,プライム（内国株式）,4765.T,2026-10-06,235500,597.0,140593500,144251450,161181850,20
2026-10-06,1399,9755,応用地質,プライム（内国株式）,9755.T,2026-10-06,44500,2782.0,123799000,143076800,159825910,20
2026-10-06,1400,575A,前澤ホールディングス,プライム（内国株式）,575A.T,2026-10-06,63800,1873.0,119497400,142425700,154710070,20
2026-10-06,1401,7917,ＺＡＣＲＯＳ,プライム（内国株式）,7917.T,2026-10-06,114300,1219.0,139331700,142157600,151849280,20
2026-10-06,1402,6351,鶴見製作所,プライム（内国株式）,6351.T,2026-10-06,37500,2632.0,98700000,141668900,162621115,20
2026-10-06,1403,7231,トピー工業,プライム（内国株式）,7231.T,2026-10-06,32000,3050.0,97600000,141422500,158017795,20
2026-10-06,1404,7818,トランザクション,プライム（内国株式）,7818.T,2026-10-06,96100,1183.0,113686300,140819600,149052750,20
2026-10-06,1405,3817,ＳＲＡホールディングス,プライム（内国株式）,3817.T,2026-10-06,20400,4680.0,95472000,140292250,168560325,20
2026-10-06,1406,7860,エイベックス,プライム（内国株式）,7860.T,2026-10-06,101200,1227.0,124172400,138939350,148787515,20
2026-10-06,1407,7409,ＡｅｒｏＥｄｇｅ,グロース（内国株式）,7409.T,2026-10-06,96500,1484.0,143206000,138194000,153002185,20
2026-10-06,1408,3441,山王,スタンダード（内国株式）,3441.T,2026-10-06,84500,1850.0,156325000,137940650,229699215,20
2026-10-06,1409,6616,トレックス・セミコンダクター,プライム（内国株式）,6616.T,2026-10-06,67700,2028.0,137295600,137578700,166307910,20
2026-10-06,1410,6176,ブランジスタ,スタンダード（内国株式）,6176.T,2026-10-06,75100,993.0,74574300,137292100,218688595,20
2026-10-06,1411,2742,ハローズ,プライム（内国株式）,2742.T,2026-10-06,33700,3685.0,124184500,137198000,138852475,20
2026-10-06,1412,6425,ユニバーサルエンターテインメント,スタンダード（内国株式）,6425.T,2026-10-06,308400,658.0,202927200,137042950,137567065,20
2026-10-06,1413,6993,大黒屋ホールディングス,スタンダード（内国株式）,6993.T,2026-10-06,1275100,90.0,114759000,136751000,160631455,20
2026-10-06,1414,7600,日本エム・ディ・エム,プライム（内国株式）,7600.T,2026-10-06,116400,636.0,74030400,136390800,165261910,20
2026-10-06,1415,2060,フィード・ワン,プライム（内国株式）,2060.T,2026-10-06,69900,1421.0,99327900,136295850,138003530,20
2026-10-06,1416,9211,エフ・コード,グロース（内国株式）,9211.T,2026-10-06,102600,1451.0,148872600,135993400,137632870,20
2026-10-06,1417,7949,小松ウオール工業,プライム（内国株式）,7949.T,2026-10-06,36100,2733.0,98661300,135678950,145552165,20
2026-10-06,1418,9708,帝国ホテル,スタンダード（内国株式）,9708.T,2026-10-06,56400,942.0,53128800,135361100,169164295,20
2026-10-06,1419,8008,ヨンドシーホールディングス,プライム（内国株式）,8008.T,2026-10-06,135400,2157.0,292057800,134982250,146919755,20
2026-10-06,1420,6809,ＴＯＡ,プライム（内国株式）,6809.T,2026-10-06,128000,1760.0,225280000,134965400,150939930,20
2026-10-06,1421,146A,コロンビア・ワークス,スタンダード（内国株式）,146A.T,2026-10-06,35800,3585.0,128343000,134942250,158328375,20
2026-10-06,1422,2674,ハードオフコーポレーション,プライム（内国株式）,2674.T,2026-10-06,50900,2547.0,129642300,134933500,128799430,20
2026-10-06,1423,5821,平河ヒューテック,プライム（内国株式）,5821.T,2026-10-06,34900,3300.0,115170000,134933500,135916050,20
2026-10-06,1424,5724,アサカ理研,スタンダード（内国株式）,5724.T,2026-10-06,39800,2865.0,114027000,134802800,173894415,20
2026-10-06,1425,7868,広済堂ホールディングス,プライム（内国株式）,7868.T,2026-10-06,249700,523.0,130593100,134520550,183592410,20
2026-10-06,1426,3968,セグエグループ,プライム（内国株式）,3968.T,2026-10-06,2368200,760.0,1799832000,133258000,235219220,20
2026-10-06,1427,1436,グリーンエナジー＆カンパニー,グロース（内国株式）,1436.T,2026-10-06,37700,1850.0,69745000,133064900,185866750,20
2026-10-06,1428,3984,ユーザーローカル,プライム（内国株式）,3984.T,2026-10-06,63200,1542.0,97454400,132902600,130766650,20
2026-10-06,1429,7421,カッパ・クリエイト,プライム（内国株式）,7421.T,2026-10-06,209100,1461.0,305495100,132357300,175326110,20
2026-10-06,1430,479A,ＰＲＯＮＩ,グロース（内国株式）,479A.T,2026-10-06,32100,1956.0,62787600,131602750,148281740,20
2026-10-06,1431,6222,島精機製作所,プライム（内国株式）,6222.T,2026-10-06,148700,891.0,132491700,130795900,131462890,20
2026-10-06,1432,3201,日本毛織,プライム（内国株式）,3201.T,2026-10-06,55500,1939.0,107614500,130606500,141514220,20
2026-10-06,1433,5981,東京製綱,プライム（内国株式）,5981.T,2026-10-06,48500,1860.0,90210000,129860400,137363670,20
2026-10-06,1434,368A,北里,プライム（内国株式）,368A.T,2026-10-06,71500,1377.0,98455500,129790500,130457730,20
2026-10-06,1435,9305,ヤマタネ,プライム（内国株式）,9305.T,2026-10-06,43100,2028.0,87406800,129364700,134619890,20
2026-10-06,1436,6823,リオン,プライム（内国株式）,6823.T,2026-10-06,38300,3515.0,134624500,128721500,131854150,20
2026-10-06,1437,8159,立花エレテック,プライム（内国株式）,8159.T,2026-10-06,28700,4330.0,124271000,128650500,139991750,20
2026-10-06,1438,4534,持田製薬,プライム（内国株式）,4534.T,2026-10-06,34000,3130.0,106420000,128607750,136948150,20
2026-10-06,1439,9782,ディーエムエス,スタンダード（内国株式）,9782.T,2026-10-06,31300,3230.0,101099000,128602750,133300425,20
2026-10-06,1440,4992,北興化学工業,スタンダード（内国株式）,4992.T,2026-10-06,56200,1961.0,110208200,128281500,128127700,20
2026-10-06,1441,8103,明和産業,プライム（内国株式）,8103.T,2026-10-06,102800,1009.0,103725200,128155250,152770480,20
2026-10-06,1442,4382,ＨＥＲＯＺ,スタンダード（内国株式）,4382.T,2026-10-06,2370500,1007.0,2387093500,127878300,262591920,20
2026-10-06,1443,7760,ＩＭＶ,スタンダード（内国株式）,7760.T,2026-10-06,114800,2158.0,247738400,127395750,152737775,20
2026-10-06,1444,3182,オイシックス,プライム（内国株式）,3182.T,2026-10-06,90300,1615.0,145834500,127202600,140905645,20
2026-10-06,1445,5218,オハラ,スタンダード（内国株式）,5218.T,2026-10-06,97900,1729.0,169269100,127096200,147943210,20
2026-10-06,1446,2158,ＦＲＯＮＴＥＯ,グロース（内国株式）,2158.T,2026-10-06,441500,703.0,310374500,126962000,135162470,20
2026-10-06,1447,3558,ジェイドグループ,グロース（内国株式）,3558.T,2026-10-06,89100,1855.0,165280500,126730000,136271435,20
2026-10-06,1448,7447,ナガイレーベン,プライム（内国株式）,7447.T,2026-10-06,152600,1716.0,261861600,126147550,182058095,20
2026-10-06,1449,5142,アキレス,プライム（内国株式）,5142.T,2026-10-06,53600,1935.0,103716000,126134400,128389005,20
2026-10-06,1450,4828,ビジネスエンジニアリング,プライム（内国株式）,4828.T,2026-10-06,105700,1287.0,136035900,125802500,142856765,20
2026-10-06,1451,3850,エヌ・ティ・ティ・データ・イントラマート,スタンダード（内国株式）,3850.T,2026-10-06,21500,3790.0,81485000,125727000,134542150,20
2026-10-06,1452,6298,ワイエイシイホールディングス,プライム（内国株式）,6298.T,2026-10-06,115300,1283.0,147929900,125611400,144953665,20
2026-10-06,1453,8131,ミツウロコグループホールディングス,スタンダード（内国株式）,8131.T,2026-10-06,50900,2402.0,122261800,125387250,146079850,20
2026-10-06,1454,5122,オカモト,プライム（内国株式）,5122.T,2026-10-06,14500,6120.0,88740000,125025500,128316200,20
2026-10-06,1455,6333,ＴＥＩＫＯＫＵ,プライム（内国株式）,6333.T,2026-10-06,20700,3600.0,74520000,124308000,136401075,20
2026-10-06,1456,8014,蝶理,プライム（内国株式）,8014.T,2026-10-06,34600,4185.0,144801000,124246250,119038050,20
2026-10-06,1457,5988,パイオラックス,プライム（内国株式）,5988.T,2026-10-06,99600,1617.0,161053200,124157600,126689645,20
2026-10-06,1458,4100,戸田工業,スタンダード（内国株式）,4100.T,2026-10-06,64500,2026.0,130677000,123103500,124150020,20
2026-10-06,1459,6062,チャーム・ケア・コーポレーション,プライム（内国株式）,6062.T,2026-10-06,77300,1404.0,108529200,123073300,130182665,20
2026-10-06,1460,3950,ザ・パック,プライム（内国株式）,3950.T,2026-10-06,47100,1424.0,67070400,122730650,121736485,20
2026-10-06,1461,4344,ソースネクスト,プライム（内国株式）,4344.T,2026-10-06,1689200,101.0,170609200,122403950,156508010,20
2026-10-06,1462,7510,たけびし,プライム（内国株式）,7510.T,2026-10-06,29700,2887.0,85743900,121281200,149721180,20
2026-10-06,1463,3708,特種東海製紙,プライム（内国株式）,3708.T,2026-10-06,51900,2092.0,108574800,121057050,137894430,20
2026-10-06,1464,6364,ＡＩＲＭＡＮ,プライム（内国株式）,6364.T,2026-10-06,39600,2517.0,99673200,120759000,138633635,20
2026-10-06,1465,4446,Ｌｉｎｋ－Ｕグループ,スタンダード（内国株式）,4446.T,2026-10-06,255900,724.0,185271600,120679400,228453020,20
2026-10-06,1466,556A,犬猫生活,グロース（内国株式）,556A.T,2026-10-06,37100,2915.0,108146500,120496800,165398710,20
2026-10-06,1467,8537,大光銀行,スタンダード（内国株式）,8537.T,2026-10-06,36600,3420.0,125172000,120164250,124423775,20
2026-10-06,1468,3903,ｇｕｍｉ,プライム（内国株式）,3903.T,2026-10-06,329500,197.0,64911500,120027050,173200660,20
2026-10-06,1469,6289,技研製作所,プライム（内国株式）,6289.T,2026-10-06,51800,1981.0,102615800,119773100,134026480,20
2026-10-06,1470,6337,テセック,スタンダード（内国株式）,6337.T,2026-10-06,59000,4030.0,237770000,119442000,147025125,20
2026-10-06,1471,8142,トーホー,プライム（内国株式）,8142.T,2026-10-06,73100,1392.0,101755200,119032900,131542895,20
2026-10-06,1472,7354,ダイレクトマーケティングミックス,スタンダード（内国株式）,7354.T,2026-10-06,187900,359.0,67456100,118222500,153966010,20
2026-10-06,1473,1976,明星工業,プライム（内国株式）,1976.T,2026-10-06,57300,1694.0,97066200,118198400,128334380,20
2026-10-06,1474,3393,スターティアホールディングス,プライム（内国株式）,3393.T,2026-10-06,24000,3100.0,74400000,118110750,127328250,20
2026-10-06,1475,3221,ヨシックスホールディングス,プライム（内国株式）,3221.T,2026-10-06,63800,2863.0,182659400,117876000,154714910,20
2026-10-06,1476,299A,クラシル,グロース（内国株式）,299A.T,2026-10-06,70700,1217.0,86041900,117302400,163550730,20
2026-10-06,1477,6928,エノモト,スタンダード（内国株式）,6928.T,2026-10-06,23400,3460.0,80964000,117282550,138632670,20
2026-10-06,1478,3196,ホットランドホールディングス,プライム（内国株式）,3196.T,2026-10-06,81500,1612.0,131378000,117236000,116731695,20
2026-10-06,1479,3798,ＵＬＳグループ,スタンダード（内国株式）,3798.T,2026-10-06,459500,526.0,241697000,117194900,126954990,20
2026-10-06,1480,8364,清水銀行,プライム（内国株式）,8364.T,2026-10-06,33100,3345.0,110719500,117036500,119964250,20
2026-10-06,1481,3431,宮地エンジニアリンググループ,プライム（内国株式）,3431.T,2026-10-06,77700,1463.0,113675100,116977550,134110235,20
2026-10-06,1482,4377,ワンキャリア,グロース（内国株式）,4377.T,2026-10-06,60100,2475.0,148747500,116959850,135238075,20
2026-10-06,1483,9474,ゼンリン,プライム（内国株式）,9474.T,2026-10-06,99500,900.0,89550000,116708550,123186635,20
2026-10-06,1484,1887,日本国土開発,プライム（内国株式）,1887.T,2026-10-06,204900,516.0,105728400,116013900,128194760,20
2026-10-06,1485,7161,じもとホールディングス,スタンダード（内国株式）,7161.T,2026-10-06,175200,690.0,120888000,115714050,116368300,20
2026-10-06,1486,2429,ワールドホールディングス,プライム（内国株式）,2429.T,2026-10-06,38900,2800.0,108920000,115701000,121669410,20
2026-10-06,1487,4025,多木化学,プライム（内国株式）,4025.T,2026-10-06,12600,5900.0,74340000,115404000,120656150,20
2026-10-06,1488,6653,正興電機製作所,プライム（内国株式）,6653.T,2026-10-06,47000,2134.0,100298000,115397450,130666550,20
2026-10-06,1489,6125,岡本工作機械製作所,スタンダード（内国株式）,6125.T,2026-10-06,17900,5270.0,94333000,115310000,133957075,20
2026-10-06,1490,8150,三信電気,プライム（内国株式）,8150.T,2026-10-06,29800,3375.0,100575000,114753750,119294050,20
2026-10-06,1491,3763,プロシップ,プライム（内国株式）,3763.T,2026-10-06,47000,2104.0,98888000,114484300,124330490,20
2026-10-06,1492,8704,トレイダーズホールディングス,スタンダード（内国株式）,8704.T,2026-10-06,49900,1392.0,69460800,114067350,133187735,20
2026-10-06,1493,3151,バイタルケーエスケー・ホールディングス,プライム（内国株式）,3151.T,2026-10-06,62700,1540.0,96558000,113732900,116089715,20
2026-10-06,1494,6994,指月電機製作所,スタンダード（内国株式）,6994.T,2026-10-06,162400,1422.0,230932800,113228300,156505950,20
2026-10-06,1495,7725,インターアクション,プライム（内国株式）,7725.T,2026-10-06,61900,1835.0,113586500,113181250,120018900,20
2026-10-06,1496,9310,日本トランスシティ,プライム（内国株式）,9310.T,2026-10-06,81800,1377.0,112638600,113120100,119309605,20
2026-10-06,1497,3652,ディジタルメディアプロフェッショナル,グロース（内国株式）,3652.T,2026-10-06,30400,3075.0,93480000,112911650,201181645,20
2026-10-06,1498,3415,ＴＯＫＹＯ　ＢＡＳＥ,プライム（内国株式）,3415.T,2026-10-06,428000,336.0,143808000,112775300,130746470,20
2026-10-06,1499,9369,キユーソー流通システム,スタンダード（内国株式）,9369.T,2026-10-06,50100,2888.0,144688800,112612950,128731190,20
2026-10-06,1500,7318,セレンディップ・ホールディングス,グロース（内国株式）,7318.T,2026-10-06,97200,1336.0,129859200,112448700,112543160,20
2026-10-06,1501,4691,ワシントンホテル,スタンダード（内国株式）,4691.T,2026-10-06,31200,2022.0,63086400,111568100,114914445,20
2026-10-06,1502,8562,福島銀行,スタンダード（内国株式）,8562.T,2026-10-06,206100,417.0,85943700,111180650,110567015,20
2026-10-06,1503,6459,だいわ,プライム（内国株式）,6459.T,2026-10-06,63900,1648.0,105307200,110733350,119503970,20
2026-10-06,1504,1929,日特建設,プライム（内国株式）,1929.T,2026-10-06,68600,1166.0,79987600,110397000,115183175,20
2026-10-06,1505,6247,日阪製作所,プライム（内国株式）,6247.T,2026-10-06,44300,1632.0,72297600,110114000,109879555,20
2026-10-06,1506,5408,中山製鋼所,プライム（内国株式）,5408.T,2026-10-06,232300,615.0,142864500,109710600,110060685,20
2026-10-06,1507,3565,アセンテック,スタンダード（内国株式）,3565.T,2026-10-06,137500,493.0,67787500,109659000,134632065,20
2026-10-06,1508,6637,寺崎電気産業,スタンダード（内国株式）,6637.T,2026-10-06,28300,4260.0,120558000,109348000,112096700,20
2026-10-06,1509,3232,三重交通グループホールディングス,プライム（内国株式）,3232.T,2026-10-06,184600,559.0,103191400,109089350,138374365,20
2026-10-06,1510,7102,日本車輌製造,プライム（内国株式）,7102.T,2026-10-06,31100,3530.0,109783000,108770000,115687500,20
2026-10-06,1511,4847,インテリジェント　ウェイブ,プライム（内国株式）,4847.T,2026-10-06,42000,1497.0,62874000,108053500,120602115,20
2026-10-06,1512,4886,あすか製薬ホールディングス,プライム（内国株式）,4886.T,2026-10-06,35900,2021.0,72553900,107946450,107991610,20
2026-10-06,1513,6255,エヌ・ピー・シー,グロース（内国株式）,6255.T,2026-10-06,505900,773.0,391060700,107933300,172521245,20
2026-10-06,1514,4228,積水化成品工業,プライム（内国株式）,4228.T,2026-10-06,131800,630.0,83034000,107838000,119820890,20
2026-10-06,1515,6378,木村化工機,スタンダード（内国株式）,6378.T,2026-10-06,76100,1165.0,88656500,107501050,170079125,20
2026-10-06,1516,4848,フルキャストホールディングス,プライム（内国株式）,4848.T,2026-10-06,53800,1787.0,96140600,107210500,117606625,20
2026-10-06,1517,6629,テクノホライゾン,スタンダード（内国株式）,6629.T,2026-10-06,54700,1045.0,57161500,107091900,122908150,20
2026-10-06,1518,4595,ミズホメディー,スタンダード（内国株式）,4595.T,2026-10-06,83400,1711.0,142697400,106916100,113432055,20
2026-10-06,1519,8935,ＦＪネクストホールディングス,プライム（内国株式）,8935.T,2026-10-06,33000,1935.0,63855000,106460250,105508490,20
2026-10-06,1520,8081,カナデン,プライム（内国株式）,8081.T,2026-10-06,23300,2623.0,61115900,106218350,132668135,20
2026-10-06,1521,6535,アイモバイル,プライム（内国株式）,6535.T,2026-10-06,150500,484.0,72842000,105710500,156502205,20
2026-10-06,1522,6430,ダイコク電機,プライム（内国株式）,6430.T,2026-10-06,33000,2301.0,75933000,105502800,117414985,20
2026-10-06,1523,7727,オーバル,スタンダード（内国株式）,7727.T,2026-10-06,142900,962.0,137469800,105453850,122989980,20
2026-10-06,1524,6336,石井表記,スタンダード（内国株式）,6336.T,2026-10-06,46100,1726.0,79568600,105207300,249791600,20
2026-10-06,1525,5273,三谷セキサン,スタンダード（内国株式）,5273.T,2026-10-06,36000,1977.0,71172000,105132200,117467760,20
2026-10-06,1526,5592,くすりの窓口,グロース（内国株式）,5592.T,2026-10-06,53000,2555.0,135415000,104498700,109597385,20
2026-10-06,1527,4620,藤倉化成,スタンダード（内国株式）,4620.T,2026-10-06,76600,1115.0,85409000,103876700,124409070,20
2026-10-06,1528,5976,高周波熱錬,プライム（内国株式）,5976.T,2026-10-06,50700,1449.0,73464300,102798500,116440485,20
2026-10-06,1529,6564,ミダックホールディングス,プライム（内国株式）,6564.T,2026-10-06,60000,2003.0,120180000,102439100,112639235,20
2026-10-06,1530,5834,ＳＢＩリーシングサービス,グロース（内国株式）,5834.T,2026-10-06,22400,2743.0,61443200,102162700,108455520,20
2026-10-06,1531,4027,テイカ,プライム（内国株式）,4027.T,2026-10-06,43300,2338.0,101235400,101806500,112673740,20
2026-10-06,1532,544A,ＧＭＳグループ,プライム（内国株式）,544A.T,2026-10-06,279600,322.0,90031200,101761900,117794960,20
2026-10-06,1533,7512,イオン北海道,スタンダード（内国株式）,7512.T,2026-10-06,91900,846.0,77747400,101749250,103378620,20
2026-10-06,1534,9251,ＡＢ＆Ｃｏｍｐａｎｙ,グロース（内国株式）,9251.T,2026-10-06,77800,1532.0,119189600,101736200,103112525,20
2026-10-06,1535,9619,イチネンホールディングス,プライム（内国株式）,9619.T,2026-10-06,28500,2680.0,76380000,101404400,98355605,20
2026-10-06,1536,2820,やまみ,スタンダード（内国株式）,2820.T,2026-10-06,31000,6560.0,203360000,101138500,115891500,20
2026-10-06,1537,7914,共同印刷,プライム（内国株式）,7914.T,2026-10-06,45000,1686.0,75870000,100644050,114047630,20
2026-10-06,1538,558A,ＳＱＵＥＥＺＥ,グロース（内国株式）,558A.T,2026-10-06,15000,6030.0,90450000,100625000,126275900,20
2026-10-06,1539,9467,アルファポリス,グロース（内国株式）,9467.T,2026-10-06,99100,1041.0,103163100,100506900,101591065,20
2026-10-06,1540,4462,石原ケミカル,プライム（内国株式）,4462.T,2026-10-06,30400,3145.0,95608000,100397750,148226365,20
